image,path,label
IMG_20260505_181436_050_jpg.rf.a9fc174bcf1fd99e1cf1230289f5dc03.jpg,/content/drive/MyDrive/capstone/dataset/campur indo/Dataset ocr 1.v2-campuran-indo.tensorflow/train/IMG_20260505_181436_050_jpg.rf.a9fc174bcf1fd99e1cf1230289f5dc03.jpg,train
X51005447839_jpg.rf.c9cdc8c07b6b2c86b215a1315a36e93c.jpg,/content/drive/MyDrive/capstone/dataset/campur indo/Dataset ocr 1.v2-campuran-indo.tensorflow/train/X51005447839_jpg.rf.c9cdc8c07b6b2c86b215a1315a36e93c.jpg,train
X51005724611_jpg.rf.93ad43f7cdaa927bb556bf13729f29fa.jpg,/content/drive/MyDrive/capstone/dataset/campur indo/Dataset ocr 1.v2-campuran-indo.tensorflow/train/X51005724611_jpg.rf.93ad43f7cdaa927bb556bf13729f29fa.jpg,train
X51005724627_jpg.rf.378fd5e6bf5bf565043cb38901f5b4da.jpg,/content/drive/MyDrive/capstone/dataset/campur indo/Dataset ocr 1.v2-campuran-indo.tensorflow/train/X51005724627_jpg.rf.378fd5e6bf5bf565043cb38901f5b4da.jpg,train
X51005712021_jpg.rf.35c209b7a7dccd8d7b9f802ea99f63ae.jpg,/content/drive/MyDrive/capstone/dataset/campur indo/Dataset ocr 1.v2-campuran-indo.tensorflow/train/X51005712021_jpg.rf.35c209b7a7dccd8d7b9f802ea99f63ae.jpg,train
X51005577192_jpg.rf.148a366edd35a082b12fef27a00b8d5a.jpg,/content/drive/MyDrive/capstone/dataset/campur indo/Dataset ocr 1.v2-campuran-indo.tensorflow/train/X51005577192_jpg.rf.148a366edd35a082b12fef27a00b8d5a.jpg,train
X51005676544_jpg.rf.6a9b8f61e9da1e7fc6e9d711b53966b0.jpg,/content/drive/MyDrive/capstone/dataset/campur indo/Dataset ocr 1.v2-campuran-indo.tensorflow/train/X51005676544_jpg.rf.6a9b8f61e9da1e7fc6e9d711b53966b0.jpg,train
X51005719873_jpg.rf.717be26bd6c5dafcd2ecdb58a954944d.jpg,/content/drive/MyDrive/capstone/dataset/campur indo/Dataset ocr 1.v2-campuran-indo.tensorflow/train/X51005719873_jpg.rf.717be26bd6c5dafcd2ecdb58a954944d.jpg,train
Screenshot_2026-05-13-23-53-23-33_80570b5d52bfa51b3316d695d584b313_jpg.rf.4f947e8197a091b98730c249f823cd18.jpg,/content/drive/MyDrive/capstone/dataset/campur indo/Dataset ocr 1.v2-campuran-indo.tensorflow/train/Screenshot_2026-05-13-23-53-23-33_80570b5d52bfa51b3316d695d584b313_jpg.rf.4f947e8197a091b98730c249f823cd18.jpg,train
WhatsApp-Image-2026-05-11-at-22-28-43_jpeg.rf.912789fafadfccbd83ed121c4ce94ab1.jpg,/content/drive/MyDrive/capstone/dataset/campur indo/Dataset ocr 1.v2-campuran-indo.tensorflow/train/WhatsApp-Image-2026-05-11-at-22-28-43_jpeg.rf.912789fafadfccbd83ed121c4ce94ab1.jpg,train
IMG_7156_HEIC.rf.4ba19a5333e62a77a092a676736d4c1d.jpg,/content/drive/MyDrive/capstone/dataset/campur indo/Dataset ocr 1.v2-campuran-indo.tensorflow/train/IMG_7156_HEIC.rf.4ba19a5333e62a77a092a676736d4c1d.jpg,train
X51005676541_jpg.rf.889506b9934ecb8846168b7263659a8f.jpg,/content/drive/MyDrive/capstone/dataset/campur indo/Dataset ocr 1.v2-campuran-indo.tensorflow/train/X51005676541_jpg.rf.889506b9934ecb8846168b7263659a8f.jpg,train
X51005757201_jpg.rf.ad2f9f5f404e16ae65a1a21318e591f9.jpg,/content/drive/MyDrive/capstone/dataset/campur indo/Dataset ocr 1.v2-campuran-indo.tensorflow/train/X51005757201_jpg.rf.ad2f9f5f404e16ae65a1a21318e591f9.jpg,train
X51005719893_jpg.rf.ab715c9ced3030b1a47db00b1d843aa1.jpg,/content/drive/MyDrive/capstone/dataset/campur indo/Dataset ocr 1.v2-campuran-indo.tensorflow/train/X51005719893_jpg.rf.ab715c9ced3030b1a47db00b1d843aa1.jpg,train
X51005447859_jpg.rf.d0f4316b1081b3fa75b2f469790fd123.jpg,/content/drive/MyDrive/capstone/dataset/campur indo/Dataset ocr 1.v2-campuran-indo.tensorflow/train/X51005447859_jpg.rf.d0f4316b1081b3fa75b2f469790fd123.jpg,train
X51005676535_jpg.rf.5d138138c4244c87d6a615eb1352260a.jpg,/content/drive/MyDrive/capstone/dataset/campur indo/Dataset ocr 1.v2-campuran-indo.tensorflow/train/X51005676535_jpg.rf.5d138138c4244c87d6a615eb1352260a.jpg,train
Struk_jpg.rf.7de547f48197164107ceff3561972153.jpg,/content/drive/MyDrive/capstone/dataset/campur indo/Dataset ocr 1.v2-campuran-indo.tensorflow/train/Struk_jpg.rf.7de547f48197164107ceff3561972153.jpg,train
Screenshot_2026-05-14-00-02-21-66_f69139cffc4d135a71392e13634f144a_jpg.rf.774e27155f78385ded0b751b666f44ef.jpg,/content/drive/MyDrive/capstone/dataset/campur indo/Dataset ocr 1.v2-campuran-indo.tensorflow/train/Screenshot_2026-05-14-00-02-21-66_f69139cffc4d135a71392e13634f144a_jpg.rf.774e27155f78385ded0b751b666f44ef.jpg,train
WhatsApp-Image-2026-05-14-at-00-10-43_jpeg.rf.39ef40dc18589132073cb8d6cc245e58.jpg,/content/drive/MyDrive/capstone/dataset/campur indo/Dataset ocr 1.v2-campuran-indo.tensorflow/train/WhatsApp-Image-2026-05-14-at-00-10-43_jpeg.rf.39ef40dc18589132073cb8d6cc245e58.jpg,train
X51005568913_jpg.rf.c7f9934a19d42168943c18f87cd7ccbc.jpg,/content/drive/MyDrive/capstone/dataset/campur indo/Dataset ocr 1.v2-campuran-indo.tensorflow/train/X51005568913_jpg.rf.c7f9934a19d42168943c18f87cd7ccbc.jpg,train
X51005712039_jpg.rf.0a0d6bbab36c6e8e2dd20675ac969505.jpg,/content/drive/MyDrive/capstone/dataset/campur indo/Dataset ocr 1.v2-campuran-indo.tensorflow/train/X51005712039_jpg.rf.0a0d6bbab36c6e8e2dd20675ac969505.jpg,train
X51005453802_jpg.rf.f4391d70e81ecd28352659650e3d90bf.jpg,/content/drive/MyDrive/capstone/dataset/campur indo/Dataset ocr 1.v2-campuran-indo.tensorflow/train/X51005453802_jpg.rf.f4391d70e81ecd28352659650e3d90bf.jpg,train
struk-belanja_jpg.rf.123254f77c098ce9a69dbecbd7a20dd6.jpg,/content/drive/MyDrive/capstone/dataset/campur indo/Dataset ocr 1.v2-campuran-indo.tensorflow/train/struk-belanja_jpg.rf.123254f77c098ce9a69dbecbd7a20dd6.jpg,train
X51005757308_jpg.rf.c9e34be91e511c2c6f382dfbf22894cd.jpg,/content/drive/MyDrive/capstone/dataset/campur indo/Dataset ocr 1.v2-campuran-indo.tensorflow/train/X51005757308_jpg.rf.c9e34be91e511c2c6f382dfbf22894cd.jpg,train
X51005663317_jpg.rf.932bb1d7d3d50458d5db850833fefbf3.jpg,/content/drive/MyDrive/capstone/dataset/campur indo/Dataset ocr 1.v2-campuran-indo.tensorflow/train/X51005663317_jpg.rf.932bb1d7d3d50458d5db850833fefbf3.jpg,train
X51005757342_jpg.rf.fb1eb439501116206af32102ffc4a458.jpg,/content/drive/MyDrive/capstone/dataset/campur indo/Dataset ocr 1.v2-campuran-indo.tensorflow/train/X51005757342_jpg.rf.fb1eb439501116206af32102ffc4a458.jpg,train
X51005705727_jpg.rf.ad4c1c477704f6b3ad17505789201059.jpg,/content/drive/MyDrive/capstone/dataset/campur indo/Dataset ocr 1.v2-campuran-indo.tensorflow/train/X51005705727_jpg.rf.ad4c1c477704f6b3ad17505789201059.jpg,train
X51005719823_jpg.rf.bab682fb563bebd0c2299ede6f7d2ec5.jpg,/content/drive/MyDrive/capstone/dataset/campur indo/Dataset ocr 1.v2-campuran-indo.tensorflow/train/X51005719823_jpg.rf.bab682fb563bebd0c2299ede6f7d2ec5.jpg,train
X51005663273_jpg.rf.b12972f8ada8fa45feea5342b0ab46fa.jpg,/content/drive/MyDrive/capstone/dataset/campur indo/Dataset ocr 1.v2-campuran-indo.tensorflow/train/X51005663273_jpg.rf.b12972f8ada8fa45feea5342b0ab46fa.jpg,train
X51005719814_jpg.rf.66f0ef25c375c44c81c7e54439fde0da.jpg,/content/drive/MyDrive/capstone/dataset/campur indo/Dataset ocr 1.v2-campuran-indo.tensorflow/train/X51005719814_jpg.rf.66f0ef25c375c44c81c7e54439fde0da.jpg,train
WhatsApp-Image-2026-05-14-at-00-10-37_jpeg.rf.26c451c22a7738de203c3fb1b07964b6.jpg,/content/drive/MyDrive/capstone/dataset/campur indo/Dataset ocr 1.v2-campuran-indo.tensorflow/train/WhatsApp-Image-2026-05-14-at-00-10-37_jpeg.rf.26c451c22a7738de203c3fb1b07964b6.jpg,train
X51005577191_jpg.rf.3e934e861f886f7cb18aaae4faf73ee4.jpg,/content/drive/MyDrive/capstone/dataset/campur indo/Dataset ocr 1.v2-campuran-indo.tensorflow/train/X51005577191_jpg.rf.3e934e861f886f7cb18aaae4faf73ee4.jpg,train
X51005719886_jpg.rf.87797ed489071e405c3b66ee05ba2e0e.jpg,/content/drive/MyDrive/capstone/dataset/campur indo/Dataset ocr 1.v2-campuran-indo.tensorflow/train/X51005719886_jpg.rf.87797ed489071e405c3b66ee05ba2e0e.jpg,train
X51005724626_jpg.rf.89f09ddaf7b44c7167fc229a803cc402.jpg,/content/drive/MyDrive/capstone/dataset/campur indo/Dataset ocr 1.v2-campuran-indo.tensorflow/train/X51005724626_jpg.rf.89f09ddaf7b44c7167fc229a803cc402.jpg,train
download-10-_jpg.rf.9ba053a5d0f341d7af9f2964d4911aca.jpg,/content/drive/MyDrive/capstone/dataset/campur indo/Dataset ocr 1.v2-campuran-indo.tensorflow/train/download-10-_jpg.rf.9ba053a5d0f341d7af9f2964d4911aca.jpg,train
X51005685355_jpg.rf.8c46932373308c960c9920b136450a7c.jpg,/content/drive/MyDrive/capstone/dataset/campur indo/Dataset ocr 1.v2-campuran-indo.tensorflow/train/X51005685355_jpg.rf.8c46932373308c960c9920b136450a7c.jpg,train
X51005741929_jpg.rf.45c869e9251713eba3b784c1d5f61fde.jpg,/content/drive/MyDrive/capstone/dataset/campur indo/Dataset ocr 1.v2-campuran-indo.tensorflow/train/X51005741929_jpg.rf.45c869e9251713eba3b784c1d5f61fde.jpg,train
X51005719889_jpg.rf.3a3c47c7c470cc6ef32c38f04dd5e606.jpg,/content/drive/MyDrive/capstone/dataset/campur indo/Dataset ocr 1.v2-campuran-indo.tensorflow/train/X51005719889_jpg.rf.3a3c47c7c470cc6ef32c38f04dd5e606.jpg,train
X51005746203_jpg.rf.859ea21b3572dbe0fb0933d717e2c8d5.jpg,/content/drive/MyDrive/capstone/dataset/campur indo/Dataset ocr 1.v2-campuran-indo.tensorflow/train/X51005746203_jpg.rf.859ea21b3572dbe0fb0933d717e2c8d5.jpg,train
X51005676536_jpg.rf.722c8103d9c1f24d7f09c07c18e691ee.jpg,/content/drive/MyDrive/capstone/dataset/campur indo/Dataset ocr 1.v2-campuran-indo.tensorflow/train/X51005676536_jpg.rf.722c8103d9c1f24d7f09c07c18e691ee.jpg,train
download-2-_jpg.rf.6bc29d13dd43b84f4a705fd93cf20ba7.jpg,/content/drive/MyDrive/capstone/dataset/campur indo/Dataset ocr 1.v2-campuran-indo.tensorflow/train/download-2-_jpg.rf.6bc29d13dd43b84f4a705fd93cf20ba7.jpg,train
X51005705729_jpg.rf.989e78ab122cbab39568241240393819.jpg,/content/drive/MyDrive/capstone/dataset/campur indo/Dataset ocr 1.v2-campuran-indo.tensorflow/train/X51005705729_jpg.rf.989e78ab122cbab39568241240393819.jpg,train
IMG-20260329-WA0043_jpg.rf.92562d8b223a6897dd826560f8738c2c.jpg,/content/drive/MyDrive/capstone/dataset/campur indo/Dataset ocr 1.v2-campuran-indo.tensorflow/train/IMG-20260329-WA0043_jpg.rf.92562d8b223a6897dd826560f8738c2c.jpg,train
IMG_0830_HEIC.rf.8048b26eb69dd488e02b61a62d896534.jpg,/content/drive/MyDrive/capstone/dataset/campur indo/Dataset ocr 1.v2-campuran-indo.tensorflow/train/IMG_0830_HEIC.rf.8048b26eb69dd488e02b61a62d896534.jpg,train
10_4_26-nota-trashbag__jpg.rf.45eca1cbce4cd88ad99d7e41cb9f9b4b.jpg,/content/drive/MyDrive/capstone/dataset/campur indo/Dataset ocr 1.v2-campuran-indo.tensorflow/train/10_4_26-nota-trashbag__jpg.rf.45eca1cbce4cd88ad99d7e41cb9f9b4b.jpg,train
X51005568880_jpg.rf.aae1898603124c2bb9ad225fc83d4977.jpg,/content/drive/MyDrive/capstone/dataset/campur indo/Dataset ocr 1.v2-campuran-indo.tensorflow/train/X51005568880_jpg.rf.aae1898603124c2bb9ad225fc83d4977.jpg,train
X51005806696_jpg.rf.e609273e4d6e67f4a58bb3844ff6fd9c.jpg,/content/drive/MyDrive/capstone/dataset/campur indo/Dataset ocr 1.v2-campuran-indo.tensorflow/train/X51005806696_jpg.rf.e609273e4d6e67f4a58bb3844ff6fd9c.jpg,train
X51005757235_jpg.rf.3a87f5b1989b20611a02f680ded44658.jpg,/content/drive/MyDrive/capstone/dataset/campur indo/Dataset ocr 1.v2-campuran-indo.tensorflow/train/X51005757235_jpg.rf.3a87f5b1989b20611a02f680ded44658.jpg,train
X51005663277_jpg.rf.d35be68aed1cc79633e0b65fad616953.jpg,/content/drive/MyDrive/capstone/dataset/campur indo/Dataset ocr 1.v2-campuran-indo.tensorflow/train/X51005663277_jpg.rf.d35be68aed1cc79633e0b65fad616953.jpg,train
X51005711445_jpg.rf.8d3f38d3f04b589698506092c92c6d9e.jpg,/content/drive/MyDrive/capstone/dataset/campur indo/Dataset ocr 1.v2-campuran-indo.tensorflow/train/X51005711445_jpg.rf.8d3f38d3f04b589698506092c92c6d9e.jpg,train
X51005711447_jpg.rf.e32d93e41150677d7f00ae1ac0cc9c4e.jpg,/content/drive/MyDrive/capstone/dataset/campur indo/Dataset ocr 1.v2-campuran-indo.tensorflow/train/X51005711447_jpg.rf.e32d93e41150677d7f00ae1ac0cc9c4e.jpg,train
X51005715451_jpg.rf.5dc6741810606419263b513f18e795ab.jpg,/content/drive/MyDrive/capstone/dataset/campur indo/Dataset ocr 1.v2-campuran-indo.tensorflow/train/X51005715451_jpg.rf.5dc6741810606419263b513f18e795ab.jpg,train
download-4-_jpg.rf.f4818955548a4a8d7771b08eb267185e.jpg,/content/drive/MyDrive/capstone/dataset/campur indo/Dataset ocr 1.v2-campuran-indo.tensorflow/train/download-4-_jpg.rf.f4818955548a4a8d7771b08eb267185e.jpg,train
download-6-_jpg.rf.33ecbed9284813b8cbde8fcdd66f4559.jpg,/content/drive/MyDrive/capstone/dataset/campur indo/Dataset ocr 1.v2-campuran-indo.tensorflow/train/download-6-_jpg.rf.33ecbed9284813b8cbde8fcdd66f4559.jpg,train
X51005447844_jpg.rf.1e9208bea3d9ffb5f4f9154f919ca70c.jpg,/content/drive/MyDrive/capstone/dataset/campur indo/Dataset ocr 1.v2-campuran-indo.tensorflow/train/X51005447844_jpg.rf.1e9208bea3d9ffb5f4f9154f919ca70c.jpg,train
WhatsApp-Image-2026-05-14-at-00-10-43-2-_jpeg.rf.61ce4a3920ca868e90a21e04ebebf97c.jpg,/content/drive/MyDrive/capstone/dataset/campur indo/Dataset ocr 1.v2-campuran-indo.tensorflow/train/WhatsApp-Image-2026-05-14-at-00-10-43-2-_jpeg.rf.61ce4a3920ca868e90a21e04ebebf97c.jpg,train
X51005676545_jpg.rf.f45a86d15e9b90b172e8e5f28f165b3c.jpg,/content/drive/MyDrive/capstone/dataset/campur indo/Dataset ocr 1.v2-campuran-indo.tensorflow/train/X51005676545_jpg.rf.f45a86d15e9b90b172e8e5f28f165b3c.jpg,train
X51005663311_jpg.rf.623415a1d67f4ee8ffbdc57a39868f54.jpg,/content/drive/MyDrive/capstone/dataset/campur indo/Dataset ocr 1.v2-campuran-indo.tensorflow/train/X51005663311_jpg.rf.623415a1d67f4ee8ffbdc57a39868f54.jpg,train
X51005763999_jpg.rf.61a6b6136fa1b940f40e0bfee121d77d.jpg,/content/drive/MyDrive/capstone/dataset/campur indo/Dataset ocr 1.v2-campuran-indo.tensorflow/train/X51005763999_jpg.rf.61a6b6136fa1b940f40e0bfee121d77d.jpg,train
WhatsApp-Image-2026-04-28-at-18-17-33_jpeg.rf.ea079e851674c899d8fd478a4cb1acb6.jpg,/content/drive/MyDrive/capstone/dataset/campur indo/Dataset ocr 1.v2-campuran-indo.tensorflow/train/WhatsApp-Image-2026-04-28-at-18-17-33_jpeg.rf.ea079e851674c899d8fd478a4cb1acb6.jpg,train
X51005675104_jpg.rf.cabb3504cbb775e8854da8a48f3cba75.jpg,/content/drive/MyDrive/capstone/dataset/campur indo/Dataset ocr 1.v2-campuran-indo.tensorflow/train/X51005675104_jpg.rf.cabb3504cbb775e8854da8a48f3cba75.jpg,train
X51005568914_jpg.rf.b3a4354400bc4fd274bf183b57c86edf.jpg,/content/drive/MyDrive/capstone/dataset/campur indo/Dataset ocr 1.v2-campuran-indo.tensorflow/train/X51005568914_jpg.rf.b3a4354400bc4fd274bf183b57c86edf.jpg,train
X51005764161_jpg.rf.23dd6d174fcb4ce4c9277c02fe2db51b.jpg,/content/drive/MyDrive/capstone/dataset/campur indo/Dataset ocr 1.v2-campuran-indo.tensorflow/train/X51005764161_jpg.rf.23dd6d174fcb4ce4c9277c02fe2db51b.jpg,train
download-7-_jpg.rf.b1030cbc39a75a5a20b69960e80feefa.jpg,/content/drive/MyDrive/capstone/dataset/campur indo/Dataset ocr 1.v2-campuran-indo.tensorflow/train/download-7-_jpg.rf.b1030cbc39a75a5a20b69960e80feefa.jpg,train
WhatsApp-Image-2026-05-14-at-00-10-41_jpeg.rf.1d08b4605e0caffb42d0d701814d3a09.jpg,/content/drive/MyDrive/capstone/dataset/campur indo/Dataset ocr 1.v2-campuran-indo.tensorflow/train/WhatsApp-Image-2026-05-14-at-00-10-41_jpeg.rf.1d08b4605e0caffb42d0d701814d3a09.jpg,train
Screenshot_2026-05-13-23-59-04-43_80570b5d52bfa51b3316d695d584b313_jpg.rf.78a97882c6ee536acc167c836ae07cb3.jpg,/content/drive/MyDrive/capstone/dataset/campur indo/Dataset ocr 1.v2-campuran-indo.tensorflow/train/Screenshot_2026-05-13-23-59-04-43_80570b5d52bfa51b3316d695d584b313_jpg.rf.78a97882c6ee536acc167c836ae07cb3.jpg,train
X51005719902_jpg.rf.b2575caa593b2d51422bf018130a8994.jpg,/content/drive/MyDrive/capstone/dataset/campur indo/Dataset ocr 1.v2-campuran-indo.tensorflow/train/X51005719902_jpg.rf.b2575caa593b2d51422bf018130a8994.jpg,train
10_4_26-nota-tinta-isolasi__jpg.rf.9ccf27b8b344e1d5cb1ae9b63477e853.jpg,/content/drive/MyDrive/capstone/dataset/campur indo/Dataset ocr 1.v2-campuran-indo.tensorflow/train/10_4_26-nota-tinta-isolasi__jpg.rf.9ccf27b8b344e1d5cb1ae9b63477e853.jpg,train
X51005742110_jpg.rf.6496529f6df3c62e092548b621f0e9a9.jpg,/content/drive/MyDrive/capstone/dataset/campur indo/Dataset ocr 1.v2-campuran-indo.tensorflow/train/X51005742110_jpg.rf.6496529f6df3c62e092548b621f0e9a9.jpg,train
Dipindai_20260508-1744-pdf_page_1_png.rf.b4b5e0a91f713d662317a25d05b9e033.jpg,/content/drive/MyDrive/capstone/dataset/campur indo/Dataset ocr 1.v2-campuran-indo.tensorflow/train/Dipindai_20260508-1744-pdf_page_1_png.rf.b4b5e0a91f713d662317a25d05b9e033.jpg,train
X51005677327_jpg.rf.7d220c3edb54f453f82da798defeb36b.jpg,/content/drive/MyDrive/capstone/dataset/campur indo/Dataset ocr 1.v2-campuran-indo.tensorflow/train/X51005677327_jpg.rf.7d220c3edb54f453f82da798defeb36b.jpg,train
X51005605332_jpg.rf.ca4bd9f032fc15f59146c3fa8fbcd696.jpg,/content/drive/MyDrive/capstone/dataset/campur indo/Dataset ocr 1.v2-campuran-indo.tensorflow/train/X51005605332_jpg.rf.ca4bd9f032fc15f59146c3fa8fbcd696.jpg,train
X51005719914_jpg.rf.7e947aa9f17da5669a85a60507e4da2b.jpg,/content/drive/MyDrive/capstone/dataset/campur indo/Dataset ocr 1.v2-campuran-indo.tensorflow/train/X51005719914_jpg.rf.7e947aa9f17da5669a85a60507e4da2b.jpg,train
X51005663293_jpg.rf.f406029bd40dfe38a76ddc25f23b9795.jpg,/content/drive/MyDrive/capstone/dataset/campur indo/Dataset ocr 1.v2-campuran-indo.tensorflow/train/X51005663293_jpg.rf.f406029bd40dfe38a76ddc25f23b9795.jpg,train
X51005746210_jpg.rf.46bfeecebed448eeaebf9a5fc99d3b18.jpg,/content/drive/MyDrive/capstone/dataset/campur indo/Dataset ocr 1.v2-campuran-indo.tensorflow/train/X51005746210_jpg.rf.46bfeecebed448eeaebf9a5fc99d3b18.jpg,train
X51005663300_jpg.rf.c1796d92b31b7934a14bb07c02df648d.jpg,/content/drive/MyDrive/capstone/dataset/campur indo/Dataset ocr 1.v2-campuran-indo.tensorflow/train/X51005663300_jpg.rf.c1796d92b31b7934a14bb07c02df648d.jpg,train
pap-random_jpg.rf.b7105e824a84e61c913a15dab8569ae7.jpg,/content/drive/MyDrive/capstone/dataset/campur indo/Dataset ocr 1.v2-campuran-indo.tensorflow/train/pap-random_jpg.rf.b7105e824a84e61c913a15dab8569ae7.jpg,train
16_03_26-nota-hvs_jpg.rf.0025fea66265e3cd3b8dd5bd88cc9c43.jpg,/content/drive/MyDrive/capstone/dataset/campur indo/Dataset ocr 1.v2-campuran-indo.tensorflow/train/16_03_26-nota-hvs_jpg.rf.0025fea66265e3cd3b8dd5bd88cc9c43.jpg,train
IMG-20260222-WA0097_jpg.rf.a18c5a4b5b3bd3776fad4d6687761439.jpg,/content/drive/MyDrive/capstone/dataset/campur indo/Dataset ocr 1.v2-campuran-indo.tensorflow/train/IMG-20260222-WA0097_jpg.rf.a18c5a4b5b3bd3776fad4d6687761439.jpg,train
X51005605285_jpg.rf.92515b9e522f9cee282bd8bd83d870be.jpg,/content/drive/MyDrive/capstone/dataset/campur indo/Dataset ocr 1.v2-campuran-indo.tensorflow/train/X51005605285_jpg.rf.92515b9e522f9cee282bd8bd83d870be.jpg,train
X51005757351_jpg.rf.a567f3dd980134d0020387174d27a9ec.jpg,/content/drive/MyDrive/capstone/dataset/campur indo/Dataset ocr 1.v2-campuran-indo.tensorflow/train/X51005757351_jpg.rf.a567f3dd980134d0020387174d27a9ec.jpg,train
X51005719862_jpg.rf.29affff5fd69d34fb8924c37a64a0d06.jpg,/content/drive/MyDrive/capstone/dataset/campur indo/Dataset ocr 1.v2-campuran-indo.tensorflow/train/X51005719862_jpg.rf.29affff5fd69d34fb8924c37a64a0d06.jpg,train
WhatsApp-Image-2026-05-14-at-00-10-42-1-_jpeg.rf.b1a77ca4f49ed0ad6ea0af889b62b9cf.jpg,/content/drive/MyDrive/capstone/dataset/campur indo/Dataset ocr 1.v2-campuran-indo.tensorflow/train/WhatsApp-Image-2026-05-14-at-00-10-42-1-_jpeg.rf.b1a77ca4f49ed0ad6ea0af889b62b9cf.jpg,train
X51005719855_jpg.rf.ce4268b67a74226d15bc0cd3307a3c7b.jpg,/content/drive/MyDrive/capstone/dataset/campur indo/Dataset ocr 1.v2-campuran-indo.tensorflow/train/X51005719855_jpg.rf.ce4268b67a74226d15bc0cd3307a3c7b.jpg,train
X51005749904_jpg.rf.568f170127f4fe2339d38390c84e922b.jpg,/content/drive/MyDrive/capstone/dataset/campur indo/Dataset ocr 1.v2-campuran-indo.tensorflow/train/X51005749904_jpg.rf.568f170127f4fe2339d38390c84e922b.jpg,train
X51005453801_jpg.rf.4450a33b2dc914740d84ce9deeb70ac6.jpg,/content/drive/MyDrive/capstone/dataset/campur indo/Dataset ocr 1.v2-campuran-indo.tensorflow/train/X51005453801_jpg.rf.4450a33b2dc914740d84ce9deeb70ac6.jpg,train
X51005447860_jpg.rf.30abb8eb21a850a51175110f9c7d6449.jpg,/content/drive/MyDrive/capstone/dataset/campur indo/Dataset ocr 1.v2-campuran-indo.tensorflow/train/X51005447860_jpg.rf.30abb8eb21a850a51175110f9c7d6449.jpg,train
X51005621482_jpg.rf.06c2c7796f8582d88ef46f9b7bf15cac.jpg,/content/drive/MyDrive/capstone/dataset/campur indo/Dataset ocr 1.v2-campuran-indo.tensorflow/train/X51005621482_jpg.rf.06c2c7796f8582d88ef46f9b7bf15cac.jpg,train
IMG_20260505_180754_081_jpg.rf.d9bd152b43c720309ac504001dbd437f.jpg,/content/drive/MyDrive/capstone/dataset/campur indo/Dataset ocr 1.v2-campuran-indo.tensorflow/train/IMG_20260505_180754_081_jpg.rf.d9bd152b43c720309ac504001dbd437f.jpg,train
X51005711443_jpg.rf.35dd84947be64216ddcb96522ab5d30c.jpg,/content/drive/MyDrive/capstone/dataset/campur indo/Dataset ocr 1.v2-campuran-indo.tensorflow/train/X51005711443_jpg.rf.35dd84947be64216ddcb96522ab5d30c.jpg,train
X51005719888_jpg.rf.8e3f073cc4648904d681723706d9e91b.jpg,/content/drive/MyDrive/capstone/dataset/campur indo/Dataset ocr 1.v2-campuran-indo.tensorflow/train/X51005719888_jpg.rf.8e3f073cc4648904d681723706d9e91b.jpg,train
download-8-_jpg.rf.0212242c1ff2a40472c6880e520b66ea.jpg,/content/drive/MyDrive/capstone/dataset/campur indo/Dataset ocr 1.v2-campuran-indo.tensorflow/train/download-8-_jpg.rf.0212242c1ff2a40472c6880e520b66ea.jpg,train
X51005749912_jpg.rf.815fe38c214e4cde13390095acb9e8a1.jpg,/content/drive/MyDrive/capstone/dataset/campur indo/Dataset ocr 1.v2-campuran-indo.tensorflow/train/X51005749912_jpg.rf.815fe38c214e4cde13390095acb9e8a1.jpg,train
Screenshot_2026-05-13-23-54-15-74_80570b5d52bfa51b3316d695d584b313_jpg.rf.bf2950fa8111424c9879171843533142.jpg,/content/drive/MyDrive/capstone/dataset/campur indo/Dataset ocr 1.v2-campuran-indo.tensorflow/train/Screenshot_2026-05-13-23-54-15-74_80570b5d52bfa51b3316d695d584b313_jpg.rf.bf2950fa8111424c9879171843533142.jpg,train
IMG_20260506_124102_410_jpg.rf.9b92c4a8f7da21ecdf94fd2611d3732f.jpg,/content/drive/MyDrive/capstone/dataset/campur indo/Dataset ocr 1.v2-campuran-indo.tensorflow/train/IMG_20260506_124102_410_jpg.rf.9b92c4a8f7da21ecdf94fd2611d3732f.jpg,train
WhatsApp-Image-2026-05-14-at-00-10-39_jpeg.rf.3384bb268dcc19c9ddbed61bc2626935.jpg,/content/drive/MyDrive/capstone/dataset/campur indo/Dataset ocr 1.v2-campuran-indo.tensorflow/train/WhatsApp-Image-2026-05-14-at-00-10-39_jpeg.rf.3384bb268dcc19c9ddbed61bc2626935.jpg,train
X51005605295_jpg.rf.4a6eee8d78c71056b267aa4b97b4a064.jpg,/content/drive/MyDrive/capstone/dataset/campur indo/Dataset ocr 1.v2-campuran-indo.tensorflow/train/X51005605295_jpg.rf.4a6eee8d78c71056b267aa4b97b4a064.jpg,train
WhatsApp-Image-2026-05-14-at-00-10-41-1-_jpeg.rf.3b02119a42eda4f7410115ab57a3904c.jpg,/content/drive/MyDrive/capstone/dataset/campur indo/Dataset ocr 1.v2-campuran-indo.tensorflow/train/WhatsApp-Image-2026-05-14-at-00-10-41-1-_jpeg.rf.3b02119a42eda4f7410115ab57a3904c.jpg,train
X51005711452_jpg.rf.496fbaa1c42936f9bb8c9a1d7884990f.jpg,/content/drive/MyDrive/capstone/dataset/campur indo/Dataset ocr 1.v2-campuran-indo.tensorflow/train/X51005711452_jpg.rf.496fbaa1c42936f9bb8c9a1d7884990f.jpg,train
X51005757290_jpg.rf.d39e3bc05584baac823c73c07e41c323.jpg,/content/drive/MyDrive/capstone/dataset/campur indo/Dataset ocr 1.v2-campuran-indo.tensorflow/train/X51005757290_jpg.rf.d39e3bc05584baac823c73c07e41c323.jpg,train
X51005663279_jpg.rf.aeecebc280cd715e55fdd2b8f848ee3e.jpg,/content/drive/MyDrive/capstone/dataset/campur indo/Dataset ocr 1.v2-campuran-indo.tensorflow/train/X51005663279_jpg.rf.aeecebc280cd715e55fdd2b8f848ee3e.jpg,train
X51005568899_jpg.rf.b4dcdb6c240c58742754e88993e4456d.jpg,/content/drive/MyDrive/capstone/dataset/campur indo/Dataset ocr 1.v2-campuran-indo.tensorflow/train/X51005568899_jpg.rf.b4dcdb6c240c58742754e88993e4456d.jpg,train
WhatsApp-Image-2026-05-14-at-00-10-34_jpeg.rf.e04c9c4d88b3b2668484b863c2f1693f.jpg,/content/drive/MyDrive/capstone/dataset/campur indo/Dataset ocr 1.v2-campuran-indo.tensorflow/train/WhatsApp-Image-2026-05-14-at-00-10-34_jpeg.rf.e04c9c4d88b3b2668484b863c2f1693f.jpg,train
IMG20260513031604-1-_jpg.rf.7211f906b5a779bd392035052aea53c7.jpg,/content/drive/MyDrive/capstone/dataset/campur indo/Dataset ocr 1.v2-campuran-indo.tensorflow/train/IMG20260513031604-1-_jpg.rf.7211f906b5a779bd392035052aea53c7.jpg,train
X51005447852_jpg.rf.03aa08f1caeafe0154fc47773f97dd8f.jpg,/content/drive/MyDrive/capstone/dataset/campur indo/Dataset ocr 1.v2-campuran-indo.tensorflow/train/X51005447852_jpg.rf.03aa08f1caeafe0154fc47773f97dd8f.jpg,train
X51005722699_jpg.rf.4341d03906ca47961c39a7beb0f83d11.jpg,/content/drive/MyDrive/capstone/dataset/campur indo/Dataset ocr 1.v2-campuran-indo.tensorflow/train/X51005722699_jpg.rf.4341d03906ca47961c39a7beb0f83d11.jpg,train
X51005568889_jpg.rf.1fd044d830a815c41f374917031315fe.jpg,/content/drive/MyDrive/capstone/dataset/campur indo/Dataset ocr 1.v2-campuran-indo.tensorflow/train/X51005568889_jpg.rf.1fd044d830a815c41f374917031315fe.jpg,train
WhatsApp-Image-2026-05-14-at-00-10-42_jpeg.rf.0d93a029facdc60d1411c8d97d1748ec.jpg,/content/drive/MyDrive/capstone/dataset/campur indo/Dataset ocr 1.v2-campuran-indo.tensorflow/train/WhatsApp-Image-2026-05-14-at-00-10-42_jpeg.rf.0d93a029facdc60d1411c8d97d1748ec.jpg,train
X51005745214_jpg.rf.923d8585f4705bb7de0c56b311f9881e.jpg,/content/drive/MyDrive/capstone/dataset/campur indo/Dataset ocr 1.v2-campuran-indo.tensorflow/train/X51005745214_jpg.rf.923d8585f4705bb7de0c56b311f9881e.jpg,train
X51005719874_jpg.rf.04dde43c53f147cad37f73111693bd78.jpg,/content/drive/MyDrive/capstone/dataset/campur indo/Dataset ocr 1.v2-campuran-indo.tensorflow/train/X51005719874_jpg.rf.04dde43c53f147cad37f73111693bd78.jpg,train
X51005685357_jpg.rf.d7251f2dd49dca6fa62cef1817131195.jpg,/content/drive/MyDrive/capstone/dataset/campur indo/Dataset ocr 1.v2-campuran-indo.tensorflow/train/X51005685357_jpg.rf.d7251f2dd49dca6fa62cef1817131195.jpg,train
X51005663274_jpg.rf.0952f8ef4817ec9c385e55fe79cadfb3.jpg,/content/drive/MyDrive/capstone/dataset/campur indo/Dataset ocr 1.v2-campuran-indo.tensorflow/train/X51005663274_jpg.rf.0952f8ef4817ec9c385e55fe79cadfb3.jpg,train
X51005715456_jpg.rf.89a5d01fd6430ea1f379d90810987e69.jpg,/content/drive/MyDrive/capstone/dataset/campur indo/Dataset ocr 1.v2-campuran-indo.tensorflow/train/X51005715456_jpg.rf.89a5d01fd6430ea1f379d90810987e69.jpg,train
X51005719898_jpg.rf.f3fb4eefbc67ba9241294103ab3ada77.jpg,/content/drive/MyDrive/capstone/dataset/campur indo/Dataset ocr 1.v2-campuran-indo.tensorflow/train/X51005719898_jpg.rf.f3fb4eefbc67ba9241294103ab3ada77.jpg,train
Screenshot_2026-05-13-23-58-49-49_80570b5d52bfa51b3316d695d584b313_jpg.rf.0aed3c0e4fe7cdd85e244fcda74bbeaf.jpg,/content/drive/MyDrive/capstone/dataset/campur indo/Dataset ocr 1.v2-campuran-indo.tensorflow/train/Screenshot_2026-05-13-23-58-49-49_80570b5d52bfa51b3316d695d584b313_jpg.rf.0aed3c0e4fe7cdd85e244fcda74bbeaf.jpg,train
X51005717526_jpg.rf.f39432c5aeca0faf6d491161cd645db6.jpg,/content/drive/MyDrive/capstone/dataset/campur indo/Dataset ocr 1.v2-campuran-indo.tensorflow/train/X51005717526_jpg.rf.f39432c5aeca0faf6d491161cd645db6.jpg,train
X51005757323_jpg.rf.6aa9ee58bfbce6b29881c5c5611bd809.jpg,/content/drive/MyDrive/capstone/dataset/campur indo/Dataset ocr 1.v2-campuran-indo.tensorflow/train/X51005757323_jpg.rf.6aa9ee58bfbce6b29881c5c5611bd809.jpg,train
X51005757282_jpg.rf.b158a5aea24269e4b6a6fa2f7670b367.jpg,/content/drive/MyDrive/capstone/dataset/campur indo/Dataset ocr 1.v2-campuran-indo.tensorflow/train/X51005757282_jpg.rf.b158a5aea24269e4b6a6fa2f7670b367.jpg,train
X51005711403_jpg.rf.b57b4016c0fdf33af2c6b5110d4f15b7.jpg,/content/drive/MyDrive/capstone/dataset/campur indo/Dataset ocr 1.v2-campuran-indo.tensorflow/train/X51005711403_jpg.rf.b57b4016c0fdf33af2c6b5110d4f15b7.jpg,train
X51005757324_jpg.rf.e6cfc8106b6799cae464ede9593b05cb.jpg,/content/drive/MyDrive/capstone/dataset/campur indo/Dataset ocr 1.v2-campuran-indo.tensorflow/train/X51005757324_jpg.rf.e6cfc8106b6799cae464ede9593b05cb.jpg,train
X51005745188_jpg.rf.56f917c6335ea6a49849319bc7962c03.jpg,/content/drive/MyDrive/capstone/dataset/campur indo/Dataset ocr 1.v2-campuran-indo.tensorflow/train/X51005745188_jpg.rf.56f917c6335ea6a49849319bc7962c03.jpg,train
X51005757243_jpg.rf.f202f1464fbc51d888cc1760e16052f1.jpg,/content/drive/MyDrive/capstone/dataset/campur indo/Dataset ocr 1.v2-campuran-indo.tensorflow/train/X51005757243_jpg.rf.f202f1464fbc51d888cc1760e16052f1.jpg,train
X51005745187_jpg.rf.30d0d9a5503aa7d1b3e31b6ebc2ea532.jpg,/content/drive/MyDrive/capstone/dataset/campur indo/Dataset ocr 1.v2-campuran-indo.tensorflow/train/X51005745187_jpg.rf.30d0d9a5503aa7d1b3e31b6ebc2ea532.jpg,train
download-5-_jpg.rf.05330a9aa780e03e7379909f7215997c.jpg,/content/drive/MyDrive/capstone/dataset/campur indo/Dataset ocr 1.v2-campuran-indo.tensorflow/train/download-5-_jpg.rf.05330a9aa780e03e7379909f7215997c.jpg,train
X51005719864_jpg.rf.7e0cc7a2c9531feec38601be782e36d8.jpg,/content/drive/MyDrive/capstone/dataset/campur indo/Dataset ocr 1.v2-campuran-indo.tensorflow/train/X51005719864_jpg.rf.7e0cc7a2c9531feec38601be782e36d8.jpg,train
X51005676549_jpg.rf.dd9504d9a8e837222bd8245dea8db652.jpg,/content/drive/MyDrive/capstone/dataset/campur indo/Dataset ocr 1.v2-campuran-indo.tensorflow/train/X51005676549_jpg.rf.dd9504d9a8e837222bd8245dea8db652.jpg,train
IMG_20260505_181314_jpg.rf.972d95f930c91cb7cf2b59c1b651e17d.jpg,/content/drive/MyDrive/capstone/dataset/campur indo/Dataset ocr 1.v2-campuran-indo.tensorflow/train/IMG_20260505_181314_jpg.rf.972d95f930c91cb7cf2b59c1b651e17d.jpg,train
X51005447841_jpg.rf.82efb729019af43df0230b54e60848d6.jpg,/content/drive/MyDrive/capstone/dataset/campur indo/Dataset ocr 1.v2-campuran-indo.tensorflow/train/X51005447841_jpg.rf.82efb729019af43df0230b54e60848d6.jpg,train
IMG20260507212213_jpg.rf.3ab41cd5d098e59343650e340f71318a.jpg,/content/drive/MyDrive/capstone/dataset/campur indo/Dataset ocr 1.v2-campuran-indo.tensorflow/train/IMG20260507212213_jpg.rf.3ab41cd5d098e59343650e340f71318a.jpg,train
Screenshot_2026-05-14-00-02-43-95_f69139cffc4d135a71392e13634f144a_jpg.rf.1a135c04615b801e2e63ce5221ef37af.jpg,/content/drive/MyDrive/capstone/dataset/campur indo/Dataset ocr 1.v2-campuran-indo.tensorflow/train/Screenshot_2026-05-14-00-02-43-95_f69139cffc4d135a71392e13634f144a_jpg.rf.1a135c04615b801e2e63ce5221ef37af.jpg,train
X51005677332_jpg.rf.d5bdf4f9305e6fb0b0e03451cc47642c.jpg,/content/drive/MyDrive/capstone/dataset/campur indo/Dataset ocr 1.v2-campuran-indo.tensorflow/train/X51005677332_jpg.rf.d5bdf4f9305e6fb0b0e03451cc47642c.jpg,train
X51005568855_jpg.rf.c1c2ea505762543cab4334f5ecc8f132.jpg,/content/drive/MyDrive/capstone/dataset/campur indo/Dataset ocr 1.v2-campuran-indo.tensorflow/train/X51005568855_jpg.rf.c1c2ea505762543cab4334f5ecc8f132.jpg,train
X51005587267_jpg.rf.1820426f122027f5a0816e0380ea5b1f.jpg,/content/drive/MyDrive/capstone/dataset/campur indo/Dataset ocr 1.v2-campuran-indo.tensorflow/train/X51005587267_jpg.rf.1820426f122027f5a0816e0380ea5b1f.jpg,train
Screenshot_2026-05-13-23-53-43-56_80570b5d52bfa51b3316d695d584b313_jpg.rf.aa0c1edaf64b7136cb79438bf392dad2.jpg,/content/drive/MyDrive/capstone/dataset/campur indo/Dataset ocr 1.v2-campuran-indo.tensorflow/train/Screenshot_2026-05-13-23-53-43-56_80570b5d52bfa51b3316d695d584b313_jpg.rf.aa0c1edaf64b7136cb79438bf392dad2.jpg,train
X51005806695_jpg.rf.24de7b1a558fdb3bcb8ce8a6c02e0e1c.jpg,/content/drive/MyDrive/capstone/dataset/campur indo/Dataset ocr 1.v2-campuran-indo.tensorflow/train/X51005806695_jpg.rf.24de7b1a558fdb3bcb8ce8a6c02e0e1c.jpg,train
X51005712017_jpg.rf.a3ae9cf567d4ca905aef4c02ffc4490b.jpg,/content/drive/MyDrive/capstone/dataset/campur indo/Dataset ocr 1.v2-campuran-indo.tensorflow/train/X51005712017_jpg.rf.a3ae9cf567d4ca905aef4c02ffc4490b.jpg,train
X51005676543_jpg.rf.f6fdc91caaffff0aa017fcd0d2d386ae.jpg,/content/drive/MyDrive/capstone/dataset/campur indo/Dataset ocr 1.v2-campuran-indo.tensorflow/train/X51005676543_jpg.rf.f6fdc91caaffff0aa017fcd0d2d386ae.jpg,train
20260507_155458_jpg.rf.0b96da501b12f92d9497b22d4abeb758.jpg,/content/drive/MyDrive/capstone/dataset/campur indo/Dataset ocr 1.v2-campuran-indo.tensorflow/train/20260507_155458_jpg.rf.0b96da501b12f92d9497b22d4abeb758.jpg,train
X51005724554_jpg.rf.b69bce81cc48239469d02a44a071adfb.jpg,/content/drive/MyDrive/capstone/dataset/campur indo/Dataset ocr 1.v2-campuran-indo.tensorflow/train/X51005724554_jpg.rf.b69bce81cc48239469d02a44a071adfb.jpg,train
WhatsApp-Image-2026-05-14-at-00-10-32_jpeg.rf.1a54f92ce6ddd42566a2223954219762.jpg,/content/drive/MyDrive/capstone/dataset/campur indo/Dataset ocr 1.v2-campuran-indo.tensorflow/train/WhatsApp-Image-2026-05-14-at-00-10-32_jpeg.rf.1a54f92ce6ddd42566a2223954219762.jpg,train
X51005677333_jpg.rf.d680156b9d1a53800526719984f79053.jpg,/content/drive/MyDrive/capstone/dataset/campur indo/Dataset ocr 1.v2-campuran-indo.tensorflow/train/X51005677333_jpg.rf.d680156b9d1a53800526719984f79053.jpg,train
X51005568866_jpg.rf.b3a84dc8b1f00a738c4b3243b2f8f88d.jpg,/content/drive/MyDrive/capstone/dataset/campur indo/Dataset ocr 1.v2-campuran-indo.tensorflow/train/X51005568866_jpg.rf.b3a84dc8b1f00a738c4b3243b2f8f88d.jpg,train
X51005568881_jpg.rf.415b2cf8f23102d4bfc2f2c0ed47665b.jpg,/content/drive/MyDrive/capstone/dataset/campur indo/Dataset ocr 1.v2-campuran-indo.tensorflow/train/X51005568881_jpg.rf.415b2cf8f23102d4bfc2f2c0ed47665b.jpg,train
X51005444045_jpg.rf.a3efb642504d4e9d57d0471c135e3f0b.jpg,/content/drive/MyDrive/capstone/dataset/campur indo/Dataset ocr 1.v2-campuran-indo.tensorflow/train/X51005444045_jpg.rf.a3efb642504d4e9d57d0471c135e3f0b.jpg,train
X51005705760_jpg.rf.478cb26df2a90b9beaa91f8625602d50.jpg,/content/drive/MyDrive/capstone/dataset/campur indo/Dataset ocr 1.v2-campuran-indo.tensorflow/train/X51005705760_jpg.rf.478cb26df2a90b9beaa91f8625602d50.jpg,train
X51005711441_jpg.rf.71db4e7bd0b9a4738b65145d33b061f0.jpg,/content/drive/MyDrive/capstone/dataset/campur indo/Dataset ocr 1.v2-campuran-indo.tensorflow/train/X51005711441_jpg.rf.71db4e7bd0b9a4738b65145d33b061f0.jpg,train
X51005663297_jpg.rf.f1b557d7c92976dd605f9051fce16cab.jpg,/content/drive/MyDrive/capstone/dataset/campur indo/Dataset ocr 1.v2-campuran-indo.tensorflow/train/X51005663297_jpg.rf.f1b557d7c92976dd605f9051fce16cab.jpg,train
X51005757353_jpg.rf.5afed8bf5c3fad5f82279462aec1b5cc.jpg,/content/drive/MyDrive/capstone/dataset/campur indo/Dataset ocr 1.v2-campuran-indo.tensorflow/train/X51005757353_jpg.rf.5afed8bf5c3fad5f82279462aec1b5cc.jpg,train
IMG_20260505_181513_761_jpg.rf.4b77d2d456462f8d9b767b9c18e88f33.jpg,/content/drive/MyDrive/capstone/dataset/campur indo/Dataset ocr 1.v2-campuran-indo.tensorflow/train/IMG_20260505_181513_761_jpg.rf.4b77d2d456462f8d9b767b9c18e88f33.jpg,train
WhatsApp-Image-2026-05-14-at-00-10-40_jpeg.rf.ebb9d0e6ef012d1ae478723bf2cac94f.jpg,/content/drive/MyDrive/capstone/dataset/campur indo/Dataset ocr 1.v2-campuran-indo.tensorflow/train/WhatsApp-Image-2026-05-14-at-00-10-40_jpeg.rf.ebb9d0e6ef012d1ae478723bf2cac94f.jpg,train
X51005719906_jpg.rf.160dca1a1b5516872eeab391facf6ec5.jpg,/content/drive/MyDrive/capstone/dataset/campur indo/Dataset ocr 1.v2-campuran-indo.tensorflow/train/X51005719906_jpg.rf.160dca1a1b5516872eeab391facf6ec5.jpg,train
WhatsApp-Image-2026-04-28-at-18-17-33-1-_jpeg.rf.c894f785a66d0439e044783ca9433acb.jpg,/content/drive/MyDrive/capstone/dataset/campur indo/Dataset ocr 1.v2-campuran-indo.tensorflow/train/WhatsApp-Image-2026-04-28-at-18-17-33-1-_jpeg.rf.c894f785a66d0439e044783ca9433acb.jpg,train
X51005757286_jpg.rf.f99126244438f66b1b26252580ea406f.jpg,/content/drive/MyDrive/capstone/dataset/campur indo/Dataset ocr 1.v2-campuran-indo.tensorflow/train/X51005757286_jpg.rf.f99126244438f66b1b26252580ea406f.jpg,train
X51005724629_jpg.rf.5de963adf521b1bc10fe3a020930e60f.jpg,/content/drive/MyDrive/capstone/dataset/campur indo/Dataset ocr 1.v2-campuran-indo.tensorflow/train/X51005724629_jpg.rf.5de963adf521b1bc10fe3a020930e60f.jpg,train
X51005724624_jpg.rf.9cafca2803a2a16ace8790395d85f42d.jpg,/content/drive/MyDrive/capstone/dataset/campur indo/Dataset ocr 1.v2-campuran-indo.tensorflow/train/X51005724624_jpg.rf.9cafca2803a2a16ace8790395d85f42d.jpg,train
X51005568898_jpg.rf.01b8b9de77ee7d0c60664e711f131f04.jpg,/content/drive/MyDrive/capstone/dataset/campur indo/Dataset ocr 1.v2-campuran-indo.tensorflow/train/X51005568898_jpg.rf.01b8b9de77ee7d0c60664e711f131f04.jpg,train
IMG-20260508-WA0174_jpg.rf.5152c842a5e1b49efc172af90536beea.jpg,/content/drive/MyDrive/capstone/dataset/campur indo/Dataset ocr 1.v2-campuran-indo.tensorflow/train/IMG-20260508-WA0174_jpg.rf.5152c842a5e1b49efc172af90536beea.jpg,train
X51005711446_jpg.rf.7bf58b69a7e985905237939b12979ec9.jpg,/content/drive/MyDrive/capstone/dataset/campur indo/Dataset ocr 1.v2-campuran-indo.tensorflow/train/X51005711446_jpg.rf.7bf58b69a7e985905237939b12979ec9.jpg,train
download-9-_jpg.rf.1c57f6912e42a8e857bb5eb218cadbf2.jpg,/content/drive/MyDrive/capstone/dataset/campur indo/Dataset ocr 1.v2-campuran-indo.tensorflow/train/download-9-_jpg.rf.1c57f6912e42a8e857bb5eb218cadbf2.jpg,train
X51005719905_jpg.rf.063e27b14b4cdecd726f049dc93d5c49.jpg,/content/drive/MyDrive/capstone/dataset/campur indo/Dataset ocr 1.v2-campuran-indo.tensorflow/train/X51005719905_jpg.rf.063e27b14b4cdecd726f049dc93d5c49.jpg,train
X51005676537_jpg.rf.6161e2dae92f237a93922f0050a7ccba.jpg,/content/drive/MyDrive/capstone/dataset/campur indo/Dataset ocr 1.v2-campuran-indo.tensorflow/train/X51005676537_jpg.rf.6161e2dae92f237a93922f0050a7ccba.jpg,train
X51005724552_jpg.rf.0ac35a5582a480cdd4ab122b0a9f5ebb.jpg,/content/drive/MyDrive/capstone/dataset/campur indo/Dataset ocr 1.v2-campuran-indo.tensorflow/train/X51005724552_jpg.rf.0ac35a5582a480cdd4ab122b0a9f5ebb.jpg,train
X51005711453_jpg.rf.54f54f743c3372edfd285eff17e290ad.jpg,/content/drive/MyDrive/capstone/dataset/campur indo/Dataset ocr 1.v2-campuran-indo.tensorflow/train/X51005711453_jpg.rf.54f54f743c3372edfd285eff17e290ad.jpg,train
X51005757273_jpg.rf.c1aa8035995ed8b1e0865953be49199e.jpg,/content/drive/MyDrive/capstone/dataset/campur indo/Dataset ocr 1.v2-campuran-indo.tensorflow/train/X51005757273_jpg.rf.c1aa8035995ed8b1e0865953be49199e.jpg,train
X51005663276_jpg.rf.ee5b585c87cbfa0e88bf8ac04f353c4a.jpg,/content/drive/MyDrive/capstone/dataset/campur indo/Dataset ocr 1.v2-campuran-indo.tensorflow/train/X51005663276_jpg.rf.ee5b585c87cbfa0e88bf8ac04f353c4a.jpg,train
X51005453729_jpg.rf.9d41fd0b5641656c5608c633ab5df6ce.jpg,/content/drive/MyDrive/capstone/dataset/campur indo/Dataset ocr 1.v2-campuran-indo.tensorflow/train/X51005453729_jpg.rf.9d41fd0b5641656c5608c633ab5df6ce.jpg,train
X51005705804_jpg.rf.4a755f8cc7841b3b0b1f89808d16b406.jpg,/content/drive/MyDrive/capstone/dataset/campur indo/Dataset ocr 1.v2-campuran-indo.tensorflow/train/X51005705804_jpg.rf.4a755f8cc7841b3b0b1f89808d16b406.jpg,train
X51005745298_jpg.rf.bd51590d7edda9caddfa15313ae90c1d.jpg,/content/drive/MyDrive/capstone/dataset/campur indo/Dataset ocr 1.v2-campuran-indo.tensorflow/train/X51005745298_jpg.rf.bd51590d7edda9caddfa15313ae90c1d.jpg,train
X51005711401_jpg.rf.d490589b9238ad12079c35f61e42ae3d.jpg,/content/drive/MyDrive/capstone/dataset/campur indo/Dataset ocr 1.v2-campuran-indo.tensorflow/train/X51005711401_jpg.rf.d490589b9238ad12079c35f61e42ae3d.jpg,train
X51005745213_jpg.rf.60e81395f245007bab19476364cedd2f.jpg,/content/drive/MyDrive/capstone/dataset/campur indo/Dataset ocr 1.v2-campuran-indo.tensorflow/train/X51005745213_jpg.rf.60e81395f245007bab19476364cedd2f.jpg,train
X51005663307_jpg.rf.4f6b1ac853c1729b18b788ba20a60270.jpg,/content/drive/MyDrive/capstone/dataset/campur indo/Dataset ocr 1.v2-campuran-indo.tensorflow/train/X51005663307_jpg.rf.4f6b1ac853c1729b18b788ba20a60270.jpg,train
X51005763958_jpg.rf.5ba360fc2ef625db59046a27edb21ccf.jpg,/content/drive/MyDrive/capstone/dataset/campur indo/Dataset ocr 1.v2-campuran-indo.tensorflow/train/X51005763958_jpg.rf.5ba360fc2ef625db59046a27edb21ccf.jpg,train
X51005676539_jpg.rf.e35a0e78b85fcd12eb14c3fd6b23f5fb.jpg,/content/drive/MyDrive/capstone/dataset/campur indo/Dataset ocr 1.v2-campuran-indo.tensorflow/train/X51005676539_jpg.rf.e35a0e78b85fcd12eb14c3fd6b23f5fb.jpg,train
X51005719882_jpg.rf.486600543595a66d84c2a091b9d188ae.jpg,/content/drive/MyDrive/capstone/dataset/campur indo/Dataset ocr 1.v2-campuran-indo.tensorflow/train/X51005719882_jpg.rf.486600543595a66d84c2a091b9d188ae.jpg,train
X51005711444_jpg.rf.4b3ae874cc5c5de80c9138f2e0d31d13.jpg,/content/drive/MyDrive/capstone/dataset/campur indo/Dataset ocr 1.v2-campuran-indo.tensorflow/train/X51005711444_jpg.rf.4b3ae874cc5c5de80c9138f2e0d31d13.jpg,train
X51005605287_jpg.rf.30f65dc5e07824d1f876890106afb70f.jpg,/content/drive/MyDrive/capstone/dataset/campur indo/Dataset ocr 1.v2-campuran-indo.tensorflow/train/X51005605287_jpg.rf.30f65dc5e07824d1f876890106afb70f.jpg,train
Screenshot_2026-05-14-00-03-52-94_f69139cffc4d135a71392e13634f144a_jpg.rf.5d3aeaf3cdd4fbfcf462fb4aeb92afda.jpg,/content/drive/MyDrive/capstone/dataset/campur indo/Dataset ocr 1.v2-campuran-indo.tensorflow/train/Screenshot_2026-05-14-00-03-52-94_f69139cffc4d135a71392e13634f144a_jpg.rf.5d3aeaf3cdd4fbfcf462fb4aeb92afda.jpg,train
download_jpg.rf.0fac51189a53cc6adc1df5508a7885fd.jpg,/content/drive/MyDrive/capstone/dataset/campur indo/Dataset ocr 1.v2-campuran-indo.tensorflow/train/download_jpg.rf.0fac51189a53cc6adc1df5508a7885fd.jpg,train
IMG_20260505_180956_jpg.rf.14cd6c8fc9203e40cc16524efc8a7f9d.jpg,/content/drive/MyDrive/capstone/dataset/campur indo/Dataset ocr 1.v2-campuran-indo.tensorflow/train/IMG_20260505_180956_jpg.rf.14cd6c8fc9203e40cc16524efc8a7f9d.jpg,train
X51005715455_jpg.rf.d9236593ad10e27f9170f2d2d4f789ae.jpg,/content/drive/MyDrive/capstone/dataset/campur indo/Dataset ocr 1.v2-campuran-indo.tensorflow/train/X51005715455_jpg.rf.d9236593ad10e27f9170f2d2d4f789ae.jpg,train
X51005676534_jpg.rf.7e4a20994ecb4d992c3186d3d9365c07.jpg,/content/drive/MyDrive/capstone/dataset/campur indo/Dataset ocr 1.v2-campuran-indo.tensorflow/train/X51005676534_jpg.rf.7e4a20994ecb4d992c3186d3d9365c07.jpg,train
X51005757294_jpg.rf.97808d4ad3ec25f255be6cd073bfbf6e.jpg,/content/drive/MyDrive/capstone/dataset/campur indo/Dataset ocr 1.v2-campuran-indo.tensorflow/train/X51005757294_jpg.rf.97808d4ad3ec25f255be6cd073bfbf6e.jpg,train
X51005745296_jpg.rf.8cc2aea8b6b0e713662307f294bc670e.jpg,/content/drive/MyDrive/capstone/dataset/campur indo/Dataset ocr 1.v2-campuran-indo.tensorflow/train/X51005745296_jpg.rf.8cc2aea8b6b0e713662307f294bc670e.jpg,train
X51005663298_jpg.rf.b85ed13465c7789671441d0c1697a97c.jpg,/content/drive/MyDrive/capstone/dataset/campur indo/Dataset ocr 1.v2-campuran-indo.tensorflow/train/X51005663298_jpg.rf.b85ed13465c7789671441d0c1697a97c.jpg,train
X51005677331_jpg.rf.22170e5c7e5b48906b25b0a0d4dfd43a.jpg,/content/drive/MyDrive/capstone/dataset/campur indo/Dataset ocr 1.v2-campuran-indo.tensorflow/train/X51005677331_jpg.rf.22170e5c7e5b48906b25b0a0d4dfd43a.jpg,train
X51005447853_jpg.rf.b8228a6574b63ef6c5480af5b05f721b.jpg,/content/drive/MyDrive/capstone/dataset/campur indo/Dataset ocr 1.v2-campuran-indo.tensorflow/train/X51005447853_jpg.rf.b8228a6574b63ef6c5480af5b05f721b.jpg,train
X51005764031_jpg.rf.34d0ba8f50710d37cd068251bdf51f71.jpg,/content/drive/MyDrive/capstone/dataset/campur indo/Dataset ocr 1.v2-campuran-indo.tensorflow/train/X51005764031_jpg.rf.34d0ba8f50710d37cd068251bdf51f71.jpg,train
X51005568885_jpg.rf.ee74ed6c8d45ec1988baec9d728ad2f5.jpg,/content/drive/MyDrive/capstone/dataset/campur indo/Dataset ocr 1.v2-campuran-indo.tensorflow/train/X51005568885_jpg.rf.ee74ed6c8d45ec1988baec9d728ad2f5.jpg,train
TERLARIS-Kertas-Struk-Thermal-EDC-10Roll-57x40-13-Merk-Otani_jpg.rf.a42c8339ee9615a65792fe479453d931.jpg,/content/drive/MyDrive/capstone/dataset/campur indo/Dataset ocr 1.v2-campuran-indo.tensorflow/train/TERLARIS-Kertas-Struk-Thermal-EDC-10Roll-57x40-13-Merk-Otani_jpg.rf.a42c8339ee9615a65792fe479453d931.jpg,train
X51005675099_jpg.rf.bd6f12e166c790eff5821fce39ec5e99.jpg,/content/drive/MyDrive/capstone/dataset/campur indo/Dataset ocr 1.v2-campuran-indo.tensorflow/train/X51005675099_jpg.rf.bd6f12e166c790eff5821fce39ec5e99.jpg,train
X51005715007_jpg.rf.88fcc9d24417fe042034b131672c2df0.jpg,/content/drive/MyDrive/capstone/dataset/campur indo/Dataset ocr 1.v2-campuran-indo.tensorflow/train/X51005715007_jpg.rf.88fcc9d24417fe042034b131672c2df0.jpg,train
X51005568900_jpg.rf.f7dac536c80e619f4a4faff4b941aea2.jpg,/content/drive/MyDrive/capstone/dataset/campur indo/Dataset ocr 1.v2-campuran-indo.tensorflow/train/X51005568900_jpg.rf.f7dac536c80e619f4a4faff4b941aea2.jpg,train
list-gacoan_jpg.rf.69110400f5af4ac8af4050fd1df1149e.jpg,/content/drive/MyDrive/capstone/dataset/campur indo/Dataset ocr 1.v2-campuran-indo.tensorflow/train/list-gacoan_jpg.rf.69110400f5af4ac8af4050fd1df1149e.jpg,train
X51005757349_jpg.rf.0b2a0ffceb168e11628370f096c7256d.jpg,/content/drive/MyDrive/capstone/dataset/campur indo/Dataset ocr 1.v2-campuran-indo.tensorflow/train/X51005757349_jpg.rf.0b2a0ffceb168e11628370f096c7256d.jpg,train
X51005568890_jpg.rf.d2e14c4b3445c8a7dc1425030a6b6be6.jpg,/content/drive/MyDrive/capstone/dataset/campur indo/Dataset ocr 1.v2-campuran-indo.tensorflow/train/X51005568890_jpg.rf.d2e14c4b3445c8a7dc1425030a6b6be6.jpg,train
WhatsApp-Image-2026-05-14-at-00-10-43-1-_jpeg.rf.83086763934e904a92993a7c644f433a.jpg,/content/drive/MyDrive/capstone/dataset/campur indo/Dataset ocr 1.v2-campuran-indo.tensorflow/train/WhatsApp-Image-2026-05-14-at-00-10-43-1-_jpeg.rf.83086763934e904a92993a7c644f433a.jpg,train
X51005677337_jpg.rf.b9354821be661819ba539caccf75ed34.jpg,/content/drive/MyDrive/capstone/dataset/campur indo/Dataset ocr 1.v2-campuran-indo.tensorflow/train/X51005677337_jpg.rf.b9354821be661819ba539caccf75ed34.jpg,train
X51005719904_jpg.rf.8162b3ae236fe4804b0b5b168b8e3f8e.jpg,/content/drive/MyDrive/capstone/dataset/campur indo/Dataset ocr 1.v2-campuran-indo.tensorflow/train/X51005719904_jpg.rf.8162b3ae236fe4804b0b5b168b8e3f8e.jpg,train
X51005746206_jpg.rf.dd4a4ba9a0601aa6e1774e3c0bf9c459.jpg,/content/drive/MyDrive/capstone/dataset/campur indo/Dataset ocr 1.v2-campuran-indo.tensorflow/train/X51005746206_jpg.rf.dd4a4ba9a0601aa6e1774e3c0bf9c459.jpg,train
Screenshot_2026-05-14-00-04-13-88_f69139cffc4d135a71392e13634f144a_jpg.rf.d626d9329da0964fe80865149a448a24.jpg,/content/drive/MyDrive/capstone/dataset/campur indo/Dataset ocr 1.v2-campuran-indo.tensorflow/train/Screenshot_2026-05-14-00-04-13-88_f69139cffc4d135a71392e13634f144a_jpg.rf.d626d9329da0964fe80865149a448a24.jpg,train
download-3-_jpg.rf.28ec7ec5524b7ff91d7d1756be279181.jpg,/content/drive/MyDrive/capstone/dataset/campur indo/Dataset ocr 1.v2-campuran-indo.tensorflow/train/download-3-_jpg.rf.28ec7ec5524b7ff91d7d1756be279181.jpg,train
X51005663324_jpg.rf.9818944ccc9f966c64b500300b05b7fe.jpg,/content/drive/MyDrive/capstone/dataset/campur indo/Dataset ocr 1.v2-campuran-indo.tensorflow/train/X51005663324_jpg.rf.9818944ccc9f966c64b500300b05b7fe.jpg,train
X51005568829_jpg.rf.c5474186a4d28cdca826f34c42729e4e.jpg,/content/drive/MyDrive/capstone/dataset/campur indo/Dataset ocr 1.v2-campuran-indo.tensorflow/train/X51005568829_jpg.rf.c5474186a4d28cdca826f34c42729e4e.jpg,train
X51005757346_jpg.rf.ecf0e34d49f06a7e7048b6bad35f0f49.jpg,/content/drive/MyDrive/capstone/dataset/campur indo/Dataset ocr 1.v2-campuran-indo.tensorflow/train/X51005757346_jpg.rf.ecf0e34d49f06a7e7048b6bad35f0f49.jpg,train
X51005444046_jpg.rf.55e626475008f027449ff9ff9a3563f0.jpg,/content/drive/MyDrive/capstone/dataset/campur indo/Dataset ocr 1.v2-campuran-indo.tensorflow/train/X51005444046_jpg.rf.55e626475008f027449ff9ff9a3563f0.jpg,train
X51005724628_jpg.rf.a9f0fc6dff2308448969392347ed17a0.jpg,/content/drive/MyDrive/capstone/dataset/campur indo/Dataset ocr 1.v2-campuran-indo.tensorflow/train/X51005724628_jpg.rf.a9f0fc6dff2308448969392347ed17a0.jpg,train
WhatsApp-Image-2026-05-14-at-00-10-35_jpeg.rf.3e2dbaf8c8c9bf67b4b7af1c65210426.jpg,/content/drive/MyDrive/capstone/dataset/campur indo/Dataset ocr 1.v2-campuran-indo.tensorflow/train/WhatsApp-Image-2026-05-14-at-00-10-35_jpeg.rf.3e2dbaf8c8c9bf67b4b7af1c65210426.jpg,train
X51005705784_jpg.rf.cd29f668673e94825485e103c1b50f60.jpg,/content/drive/MyDrive/capstone/dataset/campur indo/Dataset ocr 1.v2-campuran-indo.tensorflow/train/X51005705784_jpg.rf.cd29f668673e94825485e103c1b50f60.jpg,train
X51005568827_jpg.rf.2b17f9d068101edfb2f8d8e173a5688b.jpg,/content/drive/MyDrive/capstone/dataset/campur indo/Dataset ocr 1.v2-campuran-indo.tensorflow/train/X51005568827_jpg.rf.2b17f9d068101edfb2f8d8e173a5688b.jpg,train
X51005676538_jpg.rf.a0daba87b5a39b577db29fbf041feb20.jpg,/content/drive/MyDrive/capstone/dataset/campur indo/Dataset ocr 1.v2-campuran-indo.tensorflow/train/X51005676538_jpg.rf.a0daba87b5a39b577db29fbf041feb20.jpg,train
WhatsApp-Image-2026-04-28-at-18-17-33-2-_jpeg.rf.047d4b5d5a0e5b7a3c53363de4b62de8.jpg,/content/drive/MyDrive/capstone/dataset/campur indo/Dataset ocr 1.v2-campuran-indo.tensorflow/train/WhatsApp-Image-2026-04-28-at-18-17-33-2-_jpeg.rf.047d4b5d5a0e5b7a3c53363de4b62de8.jpg,train
Screenshot_2026-05-14-00-03-39-66_f69139cffc4d135a71392e13634f144a_jpg.rf.f1cb939a3367d513046ebb95260a13c1.jpg,/content/drive/MyDrive/capstone/dataset/campur indo/Dataset ocr 1.v2-campuran-indo.tensorflow/train/Screenshot_2026-05-14-00-03-39-66_f69139cffc4d135a71392e13634f144a_jpg.rf.f1cb939a3367d513046ebb95260a13c1.jpg,train
X51005663301_jpg.rf.8d4b71e3ae130125bf6778dfc939aa20.jpg,/content/drive/MyDrive/capstone/dataset/campur indo/Dataset ocr 1.v2-campuran-indo.tensorflow/train/X51005663301_jpg.rf.8d4b71e3ae130125bf6778dfc939aa20.jpg,train
X51005568887_jpg.rf.b91e174c39268e6e14723dad97464f3c.jpg,/content/drive/MyDrive/capstone/dataset/campur indo/Dataset ocr 1.v2-campuran-indo.tensorflow/train/X51005568887_jpg.rf.b91e174c39268e6e14723dad97464f3c.jpg,train
X51005663323_jpg.rf.5358e0fb47d302dd97e3cb6f9e403290.jpg,/content/drive/MyDrive/capstone/dataset/campur indo/Dataset ocr 1.v2-campuran-indo.tensorflow/train/X51005663323_jpg.rf.5358e0fb47d302dd97e3cb6f9e403290.jpg,train
nota-gacoan_jpg.rf.762d16cbfa2bc82873a2dfc8e2d1ffcc.jpg,/content/drive/MyDrive/capstone/dataset/campur indo/Dataset ocr 1.v2-campuran-indo.tensorflow/train/nota-gacoan_jpg.rf.762d16cbfa2bc82873a2dfc8e2d1ffcc.jpg,train
X51005724621_jpg.rf.0404033bed70299023009c8604f5216c.jpg,/content/drive/MyDrive/capstone/dataset/campur indo/Dataset ocr 1.v2-campuran-indo.tensorflow/train/X51005724621_jpg.rf.0404033bed70299023009c8604f5216c.jpg,train
X51005724622_jpg.rf.bc0cd18b593ab81c44ea4a9ec4c7c7f6.jpg,/content/drive/MyDrive/capstone/dataset/campur indo/Dataset ocr 1.v2-campuran-indo.tensorflow/train/X51005724622_jpg.rf.bc0cd18b593ab81c44ea4a9ec4c7c7f6.jpg,train
X51005568892_jpg.rf.3ef4f7e646d7a84cdf00cfdb22f9c814.jpg,/content/drive/MyDrive/capstone/dataset/campur indo/Dataset ocr 1.v2-campuran-indo.tensorflow/train/X51005568892_jpg.rf.3ef4f7e646d7a84cdf00cfdb22f9c814.jpg,train
IMG-20260326-WA0066_jpg.rf.0362a7f9daaa5489f9604a7905cf9a3b.jpg,/content/drive/MyDrive/capstone/dataset/campur indo/Dataset ocr 1.v2-campuran-indo.tensorflow/train/IMG-20260326-WA0066_jpg.rf.0362a7f9daaa5489f9604a7905cf9a3b.jpg,train
X51005764154_jpg.rf.8585a04b79bf261d684a71be5bd4a357.jpg,/content/drive/MyDrive/capstone/dataset/campur indo/Dataset ocr 1.v2-campuran-indo.tensorflow/train/X51005764154_jpg.rf.8585a04b79bf261d684a71be5bd4a357.jpg,train
WhatsApp-Image-2026-05-14-at-00-10-36_jpeg.rf.09e3f656ca38d3bcaef16b02660d341c.jpg,/content/drive/MyDrive/capstone/dataset/campur indo/Dataset ocr 1.v2-campuran-indo.tensorflow/train/WhatsApp-Image-2026-05-14-at-00-10-36_jpeg.rf.09e3f656ca38d3bcaef16b02660d341c.jpg,train
X51005677335_jpg.rf.4521da35d6726a75d09ed8ea2c1870fd.jpg,/content/drive/MyDrive/capstone/dataset/campur indo/Dataset ocr 1.v2-campuran-indo.tensorflow/train/X51005677335_jpg.rf.4521da35d6726a75d09ed8ea2c1870fd.jpg,train
X51005749905_jpg.rf.48e4c21bf1cca49da58e330c056b7ecc.jpg,/content/drive/MyDrive/capstone/dataset/campur indo/Dataset ocr 1.v2-campuran-indo.tensorflow/train/X51005749905_jpg.rf.48e4c21bf1cca49da58e330c056b7ecc.jpg,train
X51005722668_jpg.rf.bfa4def7e5a3f9fb32f15f985822485f.jpg,/content/drive/MyDrive/capstone/dataset/campur indo/Dataset ocr 1.v2-campuran-indo.tensorflow/train/X51005722668_jpg.rf.bfa4def7e5a3f9fb32f15f985822485f.jpg,train
download-3-_jpg.rf.b35f0099b9cb53e8ce202ece0e6cb33e.jpg,/content/drive/MyDrive/capstone/dataset/campur indo/Dataset ocr 1.v2-campuran-indo.tensorflow/train/download-3-_jpg.rf.b35f0099b9cb53e8ce202ece0e6cb33e.jpg,train
X51005447848_jpg.rf.3a286ecc7dafb004f3a9c7fb7719a0dc.jpg,/content/drive/MyDrive/capstone/dataset/campur indo/Dataset ocr 1.v2-campuran-indo.tensorflow/train/X51005447848_jpg.rf.3a286ecc7dafb004f3a9c7fb7719a0dc.jpg,train
WhatsApp-Image-2026-05-14-at-00-10-37-1-_jpeg.rf.932acecee66ca31fe2e734ccecd37eda.jpg,/content/drive/MyDrive/capstone/dataset/campur indo/Dataset ocr 1.v2-campuran-indo.tensorflow/train/WhatsApp-Image-2026-05-14-at-00-10-37-1-_jpeg.rf.932acecee66ca31fe2e734ccecd37eda.jpg,train
X51005587254_jpg.rf.de081ee9b649822e59549074f8305535.jpg,/content/drive/MyDrive/capstone/dataset/campur indo/Dataset ocr 1.v2-campuran-indo.tensorflow/train/X51005587254_jpg.rf.de081ee9b649822e59549074f8305535.jpg,train
X51005746207_jpg.rf.26b06578d52aad81635453fa2c915f31.jpg,/content/drive/MyDrive/capstone/dataset/campur indo/Dataset ocr 1.v2-campuran-indo.tensorflow/train/X51005746207_jpg.rf.26b06578d52aad81635453fa2c915f31.jpg,train
X51005757292_jpg.rf.4097d47c4f78e1865e415c1929bc6bf3.jpg,/content/drive/MyDrive/capstone/dataset/campur indo/Dataset ocr 1.v2-campuran-indo.tensorflow/train/X51005757292_jpg.rf.4097d47c4f78e1865e415c1929bc6bf3.jpg,train
16_4_26-nota-trashbag__jpg.rf.aa0788dfb9362567b7ed8fffff4f7743.jpg,/content/drive/MyDrive/capstone/dataset/campur indo/Dataset ocr 1.v2-campuran-indo.tensorflow/train/16_4_26-nota-trashbag__jpg.rf.aa0788dfb9362567b7ed8fffff4f7743.jpg,train
X51005711402_jpg.rf.0ceb24f9aec0e253b7afc79ebbbc7d80.jpg,/content/drive/MyDrive/capstone/dataset/campur indo/Dataset ocr 1.v2-campuran-indo.tensorflow/train/X51005711402_jpg.rf.0ceb24f9aec0e253b7afc79ebbbc7d80.jpg,train
X51005663309_jpg.rf.e18e12ac2c3e6d85dd1678b567393dfc.jpg,/content/drive/MyDrive/capstone/dataset/campur indo/Dataset ocr 1.v2-campuran-indo.tensorflow/train/X51005663309_jpg.rf.e18e12ac2c3e6d85dd1678b567393dfc.jpg,train
X51005711454_jpg.rf.c4944455d44e1c348ccfeaa767fbe303.jpg,/content/drive/MyDrive/capstone/dataset/campur indo/Dataset ocr 1.v2-campuran-indo.tensorflow/train/X51005711454_jpg.rf.c4944455d44e1c348ccfeaa767fbe303.jpg,train
X51005568895_jpg.rf.db7a706610cb10478cfecf822eb9c102.jpg,/content/drive/MyDrive/capstone/dataset/campur indo/Dataset ocr 1.v2-campuran-indo.tensorflow/train/X51005568895_jpg.rf.db7a706610cb10478cfecf822eb9c102.jpg,train
WhatsApp-Image-2026-05-14-at-00-10-35-1-_jpeg.rf.79f698e053198cf623ba188ac6aa693b.jpg,/content/drive/MyDrive/capstone/dataset/campur indo/Dataset ocr 1.v2-campuran-indo.tensorflow/train/WhatsApp-Image-2026-05-14-at-00-10-35-1-_jpeg.rf.79f698e053198cf623ba188ac6aa693b.jpg,train
X51005746204_jpg.rf.8a1c3aa00ad64773fbf09589e3339333.jpg,/content/drive/MyDrive/capstone/dataset/campur indo/Dataset ocr 1.v2-campuran-indo.tensorflow/train/X51005746204_jpg.rf.8a1c3aa00ad64773fbf09589e3339333.jpg,train
X51005719857_jpg.rf.31d74554f06d68abde6da2d8a8e2a331.jpg,/content/drive/MyDrive/capstone/dataset/campur indo/Dataset ocr 1.v2-campuran-indo.tensorflow/train/X51005719857_jpg.rf.31d74554f06d68abde6da2d8a8e2a331.jpg,train
X51005447842_jpg.rf.0197c4ce87c325f470239520909d5061.jpg,/content/drive/MyDrive/capstone/dataset/campur indo/Dataset ocr 1.v2-campuran-indo.tensorflow/train/X51005447842_jpg.rf.0197c4ce87c325f470239520909d5061.jpg,train
X51005724625_jpg.rf.5b4189d7162a33f493686d5b9201061d.jpg,/content/drive/MyDrive/capstone/dataset/campur indo/Dataset ocr 1.v2-campuran-indo.tensorflow/train/X51005724625_jpg.rf.5b4189d7162a33f493686d5b9201061d.jpg,train
X51005676540_jpg.rf.ae627e931fd2433381f4b7a6b84454a2.jpg,/content/drive/MyDrive/capstone/dataset/campur indo/Dataset ocr 1.v2-campuran-indo.tensorflow/train/X51005676540_jpg.rf.ae627e931fd2433381f4b7a6b84454a2.jpg,train
X51005568894_jpg.rf.5af6a643e19c5e515a6bd0ccbd21e66e.jpg,/content/drive/MyDrive/capstone/dataset/campur indo/Dataset ocr 1.v2-campuran-indo.tensorflow/train/X51005568894_jpg.rf.5af6a643e19c5e515a6bd0ccbd21e66e.jpg,train
X51005711456_jpg.rf.b3f8a5392bf5d38bfa173a76405e7df5.jpg,/content/drive/MyDrive/capstone/dataset/campur indo/Dataset ocr 1.v2-campuran-indo.tensorflow/train/X51005711456_jpg.rf.b3f8a5392bf5d38bfa173a76405e7df5.jpg,train
IMG-20260416-WA0048_jpg.rf.5472753104596f6d63ca85ae3294a476.jpg,/content/drive/MyDrive/capstone/dataset/campur indo/Dataset ocr 1.v2-campuran-indo.tensorflow/train/IMG-20260416-WA0048_jpg.rf.5472753104596f6d63ca85ae3294a476.jpg,train
WhatsApp-Image-2026-05-14-at-00-10-32-1-_jpeg.rf.a0eb86718907049197a2388e8c1cc7a1.jpg,/content/drive/MyDrive/capstone/dataset/campur indo/Dataset ocr 1.v2-campuran-indo.tensorflow/train/WhatsApp-Image-2026-05-14-at-00-10-32-1-_jpeg.rf.a0eb86718907049197a2388e8c1cc7a1.jpg,train
Screenshot_2026-05-13-23-58-26-55_80570b5d52bfa51b3316d695d584b313_jpg.rf.c60dc31a05e480985fd6040c503706fa.jpg,/content/drive/MyDrive/capstone/dataset/campur indo/Dataset ocr 1.v2-campuran-indo.tensorflow/train/Screenshot_2026-05-13-23-58-26-55_80570b5d52bfa51b3316d695d584b313_jpg.rf.c60dc31a05e480985fd6040c503706fa.jpg,train
X51005676548_jpg.rf.28a0d2dd122fed07b08f0405b45cea38.jpg,/content/drive/MyDrive/capstone/dataset/campur indo/Dataset ocr 1.v2-campuran-indo.tensorflow/train/X51005676548_jpg.rf.28a0d2dd122fed07b08f0405b45cea38.jpg,train
IMG-20260418-WA0133_jpg.rf.eed8890acdba77e2c15f7cfc0a143cb4.jpg,/content/drive/MyDrive/capstone/dataset/campur indo/Dataset ocr 1.v2-campuran-indo.tensorflow/train/IMG-20260418-WA0133_jpg.rf.eed8890acdba77e2c15f7cfc0a143cb4.jpg,train
X51005719895_jpg.rf.c172e01836414d287c5d878a57496430.jpg,/content/drive/MyDrive/capstone/dataset/campur indo/Dataset ocr 1.v2-campuran-indo.tensorflow/train/X51005719895_jpg.rf.c172e01836414d287c5d878a57496430.jpg,train
X51005663280_jpg.rf.c21237d7b5e827ac5abb41c1adced67c.jpg,/content/drive/MyDrive/capstone/dataset/campur indo/Dataset ocr 1.v2-campuran-indo.tensorflow/train/X51005663280_jpg.rf.c21237d7b5e827ac5abb41c1adced67c.jpg,train
X51005568891_jpg.rf.b966f442e5f226905511d18854fa76c5.jpg,/content/drive/MyDrive/capstone/dataset/campur indo/Dataset ocr 1.v2-campuran-indo.tensorflow/train/X51005568891_jpg.rf.b966f442e5f226905511d18854fa76c5.jpg,train
Screenshot_2026-05-13-23-54-01-07_80570b5d52bfa51b3316d695d584b313_jpg.rf.6a8bd4ed3468701f2ef0bdfba048d967.jpg,/content/drive/MyDrive/capstone/dataset/campur indo/Dataset ocr 1.v2-campuran-indo.tensorflow/train/Screenshot_2026-05-13-23-54-01-07_80570b5d52bfa51b3316d695d584b313_jpg.rf.6a8bd4ed3468701f2ef0bdfba048d967.jpg,train
X51005605334_jpg.rf.4bac84fb89dbb19d533fe841939d267c.jpg,/content/drive/MyDrive/capstone/dataset/campur indo/Dataset ocr 1.v2-campuran-indo.tensorflow/train/X51005605334_jpg.rf.4bac84fb89dbb19d533fe841939d267c.jpg,train
X51005719856_jpg.rf.eb39ce8743dc8b2a72182098fc69be94.jpg,/content/drive/MyDrive/capstone/dataset/campur indo/Dataset ocr 1.v2-campuran-indo.tensorflow/train/X51005719856_jpg.rf.eb39ce8743dc8b2a72182098fc69be94.jpg,train
X51005715010_jpg.rf.58af8955cd9315b7c6f4ef2f22fd9a22.jpg,/content/drive/MyDrive/capstone/dataset/campur indo/Dataset ocr 1.v2-campuran-indo.tensorflow/train/X51005715010_jpg.rf.58af8955cd9315b7c6f4ef2f22fd9a22.jpg,train
WhatsApp-Image-2026-05-14-at-00-10-36-1-_jpeg.rf.ddfbf873db4242c3c4e40507fce2bcf5.jpg,/content/drive/MyDrive/capstone/dataset/campur indo/Dataset ocr 1.v2-campuran-indo.tensorflow/train/WhatsApp-Image-2026-05-14-at-00-10-36-1-_jpeg.rf.ddfbf873db4242c3c4e40507fce2bcf5.jpg,train
X51005757304_jpg.rf.67c158c2aa4c35031b9a354f9d62ec84.jpg,/content/drive/MyDrive/capstone/dataset/campur indo/Dataset ocr 1.v2-campuran-indo.tensorflow/train/X51005757304_jpg.rf.67c158c2aa4c35031b9a354f9d62ec84.jpg,train
X51005806685_jpg.rf.95ffd6406641ef62060f9bcd9ea62d19.jpg,/content/drive/MyDrive/capstone/dataset/campur indo/Dataset ocr 1.v2-campuran-indo.tensorflow/train/X51005806685_jpg.rf.95ffd6406641ef62060f9bcd9ea62d19.jpg,train
X51005745244_jpg.rf.771c7ecd8499e76affb02f61c40fc3c6.jpg,/content/drive/MyDrive/capstone/dataset/campur indo/Dataset ocr 1.v2-campuran-indo.tensorflow/train/X51005745244_jpg.rf.771c7ecd8499e76affb02f61c40fc3c6.jpg,train
X51005745190_jpg.rf.f82590094b9b290815175a85bc7b1c4c.jpg,/content/drive/MyDrive/capstone/dataset/campur indo/Dataset ocr 1.v2-campuran-indo.tensorflow/train/X51005745190_jpg.rf.f82590094b9b290815175a85bc7b1c4c.jpg,train
X51005677329_jpg.rf.b4fa66c918c523b4fa03a264efe81cb7.jpg,/content/drive/MyDrive/capstone/dataset/campur indo/Dataset ocr 1.v2-campuran-indo.tensorflow/train/X51005677329_jpg.rf.b4fa66c918c523b4fa03a264efe81cb7.jpg,train
X51005676546_jpg.rf.e1f9f2b4fa379a5cabbf29f34f2d99a4.jpg,/content/drive/MyDrive/capstone/dataset/campur indo/Dataset ocr 1.v2-campuran-indo.tensorflow/train/X51005676546_jpg.rf.e1f9f2b4fa379a5cabbf29f34f2d99a4.jpg,train
X51005719896_jpg.rf.0835a7be11a068df29fb4adbb7cc6978.jpg,/content/drive/MyDrive/capstone/dataset/campur indo/Dataset ocr 1.v2-campuran-indo.tensorflow/train/X51005719896_jpg.rf.0835a7be11a068df29fb4adbb7cc6978.jpg,train
X51005663272_jpg.rf.064a3164e6d975268f50ef2c08883e30.jpg,/content/drive/MyDrive/capstone/dataset/campur indo/Dataset ocr 1.v2-campuran-indo.tensorflow/train/X51005663272_jpg.rf.064a3164e6d975268f50ef2c08883e30.jpg,train
X51005568911_jpg.rf.396dd8fa157bd32ff1d70795f382fbea.jpg,/content/drive/MyDrive/capstone/dataset/campur indo/Dataset ocr 1.v2-campuran-indo.tensorflow/train/X51005568911_jpg.rf.396dd8fa157bd32ff1d70795f382fbea.jpg,train
IMG-20260416-WA0103_jpg.rf.4876da76daa690ac9f0c2a0d2c856172.jpg,/content/drive/MyDrive/capstone/dataset/campur indo/Dataset ocr 1.v2-campuran-indo.tensorflow/train/IMG-20260416-WA0103_jpg.rf.4876da76daa690ac9f0c2a0d2c856172.jpg,train
X51005711442_jpg.rf.7feb18e7c4399191bb9f3fca00b386ae.jpg,/content/drive/MyDrive/capstone/dataset/campur indo/Dataset ocr 1.v2-campuran-indo.tensorflow/train/X51005711442_jpg.rf.7feb18e7c4399191bb9f3fca00b386ae.jpg,train
X51005676542_jpg.rf.96a179787ad2977fad16d03a900b57ba.jpg,/content/drive/MyDrive/capstone/dataset/campur indo/Dataset ocr 1.v2-campuran-indo.tensorflow/train/X51005676542_jpg.rf.96a179787ad2977fad16d03a900b57ba.jpg,train
X51005677336_jpg.rf.b6ca879b32c339d05b7d6c7ad9748867.jpg,/content/drive/MyDrive/capstone/dataset/campur indo/Dataset ocr 1.v2-campuran-indo.tensorflow/train/X51005677336_jpg.rf.b6ca879b32c339d05b7d6c7ad9748867.jpg,train
X51005711451_jpg.rf.58e935faa631c33457f75072d9e154eb.jpg,/content/drive/MyDrive/capstone/dataset/campur indo/Dataset ocr 1.v2-campuran-indo.tensorflow/train/X51005711451_jpg.rf.58e935faa631c33457f75072d9e154eb.jpg,train
X51005749895_jpg.rf.f100e3787f630ae4b593a8a55147d88e.jpg,/content/drive/MyDrive/capstone/dataset/campur indo/Dataset ocr 1.v2-campuran-indo.tensorflow/train/X51005749895_jpg.rf.f100e3787f630ae4b593a8a55147d88e.jpg,train
IMG_20260505_180645_764_jpg.rf.6762700223c0a3e95ffe73a9e0fe6212.jpg,/content/drive/MyDrive/capstone/dataset/campur indo/Dataset ocr 1.v2-campuran-indo.tensorflow/train/IMG_20260505_180645_764_jpg.rf.6762700223c0a3e95ffe73a9e0fe6212.jpg,train
X51005677328_jpg.rf.a7ce1795515b4b3a2ece0c4a2e3da23a.jpg,/content/drive/MyDrive/capstone/dataset/campur indo/Dataset ocr 1.v2-campuran-indo.tensorflow/train/X51005677328_jpg.rf.a7ce1795515b4b3a2ece0c4a2e3da23a.jpg,train
X51005705722_jpg.rf.df6c69b47ab4c9470d0b26579207b6c8.jpg,/content/drive/MyDrive/capstone/dataset/campur indo/Dataset ocr 1.v2-campuran-indo.tensorflow/train/X51005705722_jpg.rf.df6c69b47ab4c9470d0b26579207b6c8.jpg,train
X51005763940_jpg.rf.aaec290b7f19f8f6085d2b8f7836a3df.jpg,/content/drive/MyDrive/capstone/dataset/campur indo/Dataset ocr 1.v2-campuran-indo.tensorflow/train/X51005763940_jpg.rf.aaec290b7f19f8f6085d2b8f7836a3df.jpg,train
X51005719883_jpg.rf.21fa552d4e02be53610c5fefee832b91.jpg,/content/drive/MyDrive/capstone/dataset/campur indo/Dataset ocr 1.v2-campuran-indo.tensorflow/train/X51005719883_jpg.rf.21fa552d4e02be53610c5fefee832b91.jpg,train
X51005663310_jpg.rf.4a366a125a4067e87cb6e1e90e58b94b.jpg,/content/drive/MyDrive/capstone/dataset/campur indo/Dataset ocr 1.v2-campuran-indo.tensorflow/train/X51005663310_jpg.rf.4a366a125a4067e87cb6e1e90e58b94b.jpg,train
IMG-20260508-WA0176_jpg.rf.b31c03ad97596be2c1f4b6eddf22146a.jpg,/content/drive/MyDrive/capstone/dataset/campur indo/Dataset ocr 1.v2-campuran-indo.tensorflow/train/IMG-20260508-WA0176_jpg.rf.b31c03ad97596be2c1f4b6eddf22146a.jpg,train
X51005711449_jpg.rf.db929bfae024f28b8962100f6cf30851.jpg,/content/drive/MyDrive/capstone/dataset/campur indo/Dataset ocr 1.v2-campuran-indo.tensorflow/train/X51005711449_jpg.rf.db929bfae024f28b8962100f6cf30851.jpg,train
Screenshot_2026-05-14-00-03-10-82_f69139cffc4d135a71392e13634f144a_jpg.rf.4adf5872f1d9667f384dc77eb1c7df2b.jpg,/content/drive/MyDrive/capstone/dataset/campur indo/Dataset ocr 1.v2-campuran-indo.tensorflow/train/Screenshot_2026-05-14-00-03-10-82_f69139cffc4d135a71392e13634f144a_jpg.rf.4adf5872f1d9667f384dc77eb1c7df2b.jpg,train
X51005605286_jpg.rf.504a287760b1203935a18c6a016c5003.jpg,/content/drive/MyDrive/capstone/dataset/campur indo/Dataset ocr 1.v2-campuran-indo.tensorflow/train/X51005605286_jpg.rf.504a287760b1203935a18c6a016c5003.jpg,train
X51005447861_jpg.rf.1f63abc7fae1baae431ee0d7e55e88ad.jpg,/content/drive/MyDrive/capstone/dataset/campur indo/Dataset ocr 1.v2-campuran-indo.tensorflow/train/X51005447861_jpg.rf.1f63abc7fae1baae431ee0d7e55e88ad.jpg,train
X51005433522_jpg.rf.eac34ba7619fcd8338d757321756dbf7.jpg,/content/drive/MyDrive/capstone/dataset/campur indo/Dataset ocr 1.v2-campuran-indo.tensorflow/valid/X51005433522_jpg.rf.eac34ba7619fcd8338d757321756dbf7.jpg,valid
X51005757248_jpg.rf.d7f5112483d61f8cb09fc31f711a7a05.jpg,/content/drive/MyDrive/capstone/dataset/campur indo/Dataset ocr 1.v2-campuran-indo.tensorflow/valid/X51005757248_jpg.rf.d7f5112483d61f8cb09fc31f711a7a05.jpg,valid
X51005230657_jpg.rf.12cd026003efedd9cf279d93181575d9.jpg,/content/drive/MyDrive/capstone/dataset/campur indo/Dataset ocr 1.v2-campuran-indo.tensorflow/valid/X51005230657_jpg.rf.12cd026003efedd9cf279d93181575d9.jpg,valid
X51005200938_jpg.rf.73508fa16057ccdd768b48a5097c89c2.jpg,/content/drive/MyDrive/capstone/dataset/campur indo/Dataset ocr 1.v2-campuran-indo.tensorflow/valid/X51005200938_jpg.rf.73508fa16057ccdd768b48a5097c89c2.jpg,valid
X51005361950_jpg.rf.125b5c18b60bf1bedf2fd7f80d86effb.jpg,/content/drive/MyDrive/capstone/dataset/campur indo/Dataset ocr 1.v2-campuran-indo.tensorflow/valid/X51005361950_jpg.rf.125b5c18b60bf1bedf2fd7f80d86effb.jpg,valid
X51005361923_jpg.rf.bbb4b2b81d67a352766c176e4bc3cfae.jpg,/content/drive/MyDrive/capstone/dataset/campur indo/Dataset ocr 1.v2-campuran-indo.tensorflow/valid/X51005361923_jpg.rf.bbb4b2b81d67a352766c176e4bc3cfae.jpg,valid
X51005433518_jpg.rf.a353dfff0be585765469d2b966777788.jpg,/content/drive/MyDrive/capstone/dataset/campur indo/Dataset ocr 1.v2-campuran-indo.tensorflow/valid/X51005433518_jpg.rf.a353dfff0be585765469d2b966777788.jpg,valid
X51005361908_jpg.rf.10cfd82effe6013c419135296ad6931a.jpg,/content/drive/MyDrive/capstone/dataset/campur indo/Dataset ocr 1.v2-campuran-indo.tensorflow/valid/X51005361908_jpg.rf.10cfd82effe6013c419135296ad6931a.jpg,valid
X51005361895_jpg.rf.ea2eec6b1e64a53e6f8e29adf2ea8bb9.jpg,/content/drive/MyDrive/capstone/dataset/campur indo/Dataset ocr 1.v2-campuran-indo.tensorflow/valid/X51005361895_jpg.rf.ea2eec6b1e64a53e6f8e29adf2ea8bb9.jpg,valid
X51005337877_jpg.rf.9bdd579cb60376961bc99518a5977c87.jpg,/content/drive/MyDrive/capstone/dataset/campur indo/Dataset ocr 1.v2-campuran-indo.tensorflow/valid/X51005337877_jpg.rf.9bdd579cb60376961bc99518a5977c87.jpg,valid
X51005230659_jpg.rf.c50145cf17318241daec7ee2f50361a1.jpg,/content/drive/MyDrive/capstone/dataset/campur indo/Dataset ocr 1.v2-campuran-indo.tensorflow/valid/X51005230659_jpg.rf.c50145cf17318241daec7ee2f50361a1.jpg,valid
X51005255805_jpg.rf.d18b165142e4bd83c1855138a3b86bd9.jpg,/content/drive/MyDrive/capstone/dataset/campur indo/Dataset ocr 1.v2-campuran-indo.tensorflow/valid/X51005255805_jpg.rf.d18b165142e4bd83c1855138a3b86bd9.jpg,valid
X51005675914_jpg.rf.a04f95dc37eb413d5e9bec8253b2d48f.jpg,/content/drive/MyDrive/capstone/dataset/campur indo/Dataset ocr 1.v2-campuran-indo.tensorflow/valid/X51005675914_jpg.rf.a04f95dc37eb413d5e9bec8253b2d48f.jpg,valid
X51005365187_jpg.rf.e2abfbc119081c4741af2a58fd4b274e.jpg,/content/drive/MyDrive/capstone/dataset/campur indo/Dataset ocr 1.v2-campuran-indo.tensorflow/valid/X51005365187_jpg.rf.e2abfbc119081c4741af2a58fd4b274e.jpg,valid
X51005433541_jpg.rf.78547dce7b90bf141db7768eb69b5436.jpg,/content/drive/MyDrive/capstone/dataset/campur indo/Dataset ocr 1.v2-campuran-indo.tensorflow/valid/X51005433541_jpg.rf.78547dce7b90bf141db7768eb69b5436.jpg,valid
X51005301661_jpg.rf.0785408b4a1eae66969297c15a64a8d0.jpg,/content/drive/MyDrive/capstone/dataset/campur indo/Dataset ocr 1.v2-campuran-indo.tensorflow/valid/X51005301661_jpg.rf.0785408b4a1eae66969297c15a64a8d0.jpg,valid
IMG-20260418-WA0055_jpg.rf.6c51ba636042301df4b6fb2eb5ec103e.jpg,/content/drive/MyDrive/capstone/dataset/campur indo/Dataset ocr 1.v2-campuran-indo.tensorflow/valid/IMG-20260418-WA0055_jpg.rf.6c51ba636042301df4b6fb2eb5ec103e.jpg,valid
X51005361912_jpg.rf.6e15538f290f1ffe2d8178921e8ad9c4.jpg,/content/drive/MyDrive/capstone/dataset/campur indo/Dataset ocr 1.v2-campuran-indo.tensorflow/valid/X51005361912_jpg.rf.6e15538f290f1ffe2d8178921e8ad9c4.jpg,valid
WhatsApp-Image-2026-05-14-at-00-10-33-1-_jpeg.rf.c4160aa525b494b42524c852cdf22b55.jpg,/content/drive/MyDrive/capstone/dataset/campur indo/Dataset ocr 1.v2-campuran-indo.tensorflow/valid/WhatsApp-Image-2026-05-14-at-00-10-33-1-_jpeg.rf.c4160aa525b494b42524c852cdf22b55.jpg,valid
X51005745249_jpg.rf.d6bb084e7dddfbe385e80860d5fc8388.jpg,/content/drive/MyDrive/capstone/dataset/campur indo/Dataset ocr 1.v2-campuran-indo.tensorflow/valid/X51005745249_jpg.rf.d6bb084e7dddfbe385e80860d5fc8388.jpg,valid
IMG-20260508-WA0175_jpg.rf.91bca98a5b8a1efc3dc7edda4fa33d86.jpg,/content/drive/MyDrive/capstone/dataset/campur indo/Dataset ocr 1.v2-campuran-indo.tensorflow/valid/IMG-20260508-WA0175_jpg.rf.91bca98a5b8a1efc3dc7edda4fa33d86.jpg,valid
WhatsApp-Image-2026-05-14-at-00-10-39-1-_jpeg.rf.6dd439526bdfcdb88b565e091d34807b.jpg,/content/drive/MyDrive/capstone/dataset/campur indo/Dataset ocr 1.v2-campuran-indo.tensorflow/valid/WhatsApp-Image-2026-05-14-at-00-10-39-1-_jpeg.rf.6dd439526bdfcdb88b565e091d34807b.jpg,valid
X51005433553_jpg.rf.05599d5859df86daadaa8336962ac7de.jpg,/content/drive/MyDrive/capstone/dataset/campur indo/Dataset ocr 1.v2-campuran-indo.tensorflow/valid/X51005433553_jpg.rf.05599d5859df86daadaa8336962ac7de.jpg,valid
X51005447850_jpg.rf.c1b70c8abfa7440328f262c63ca2ee18.jpg,/content/drive/MyDrive/capstone/dataset/campur indo/Dataset ocr 1.v2-campuran-indo.tensorflow/valid/X51005447850_jpg.rf.c1b70c8abfa7440328f262c63ca2ee18.jpg,valid
X51005433543_jpg.rf.75f7faf3cc1a972e529bcd9229730532.jpg,/content/drive/MyDrive/capstone/dataset/campur indo/Dataset ocr 1.v2-campuran-indo.tensorflow/valid/X51005433543_jpg.rf.75f7faf3cc1a972e529bcd9229730532.jpg,valid
X51005441407_jpg.rf.8e43788e49c137aacb669a682f1e6d81.jpg,/content/drive/MyDrive/capstone/dataset/campur indo/Dataset ocr 1.v2-campuran-indo.tensorflow/valid/X51005441407_jpg.rf.8e43788e49c137aacb669a682f1e6d81.jpg,valid
X51005677334_jpg.rf.9b8407f220f53d386194fda2ef0a3fec.jpg,/content/drive/MyDrive/capstone/dataset/campur indo/Dataset ocr 1.v2-campuran-indo.tensorflow/valid/X51005677334_jpg.rf.9b8407f220f53d386194fda2ef0a3fec.jpg,valid
X51005587261_jpg.rf.f9559b47cfdfe72d4064ace066bcebf4.jpg,/content/drive/MyDrive/capstone/dataset/campur indo/Dataset ocr 1.v2-campuran-indo.tensorflow/valid/X51005587261_jpg.rf.f9559b47cfdfe72d4064ace066bcebf4.jpg,valid
X51005677339_jpg.rf.34691df23a5a4385688c42e0560030c2.jpg,/content/drive/MyDrive/capstone/dataset/campur indo/Dataset ocr 1.v2-campuran-indo.tensorflow/valid/X51005677339_jpg.rf.34691df23a5a4385688c42e0560030c2.jpg,valid
WhatsApp-Image-2026-05-14-at-00-10-33_jpeg.rf.9517411d884c88415fca31cc6cf302d4.jpg,/content/drive/MyDrive/capstone/dataset/campur indo/Dataset ocr 1.v2-campuran-indo.tensorflow/valid/WhatsApp-Image-2026-05-14-at-00-10-33_jpeg.rf.9517411d884c88415fca31cc6cf302d4.jpg,valid
X51005605335_jpg.rf.beaffd100b1141b0c17125805197459e.jpg,/content/drive/MyDrive/capstone/dataset/campur indo/Dataset ocr 1.v2-campuran-indo.tensorflow/valid/X51005605335_jpg.rf.beaffd100b1141b0c17125805197459e.jpg,valid
X51005200931_jpg.rf.244f2d85aab89ba5aedd774835c12323.jpg,/content/drive/MyDrive/capstone/dataset/campur indo/Dataset ocr 1.v2-campuran-indo.tensorflow/valid/X51005200931_jpg.rf.244f2d85aab89ba5aedd774835c12323.jpg,valid
X00016469671_jpg.rf.c37cf28c30c996ebf56341582330f8b3.jpg,/content/drive/MyDrive/capstone/dataset/campur indo/Dataset ocr 1.v2-campuran-indo.tensorflow/valid/X00016469671_jpg.rf.c37cf28c30c996ebf56341582330f8b3.jpg,valid
IMG20260507212230_jpg.rf.44caaee7e07d989953b3a2d0fc465604.jpg,/content/drive/MyDrive/capstone/dataset/campur indo/Dataset ocr 1.v2-campuran-indo.tensorflow/valid/IMG20260507212230_jpg.rf.44caaee7e07d989953b3a2d0fc465604.jpg,valid
X51005710963_jpg.rf.136a06d6e9f0bc2a3c9039f80442460b.jpg,/content/drive/MyDrive/capstone/dataset/campur indo/Dataset ocr 1.v2-campuran-indo.tensorflow/valid/X51005710963_jpg.rf.136a06d6e9f0bc2a3c9039f80442460b.jpg,valid
X51005361907_jpg.rf.2d895a616455de6557d4c6efde2a839e.jpg,/content/drive/MyDrive/capstone/dataset/campur indo/Dataset ocr 1.v2-campuran-indo.tensorflow/valid/X51005361907_jpg.rf.2d895a616455de6557d4c6efde2a839e.jpg,valid
X51005605333_jpg.rf.4cafeda50752efb433931f5e7fa11bbc.jpg,/content/drive/MyDrive/capstone/dataset/campur indo/Dataset ocr 1.v2-campuran-indo.tensorflow/valid/X51005605333_jpg.rf.4cafeda50752efb433931f5e7fa11bbc.jpg,valid
X51005230617_jpg.rf.e6c0d8b1049e64dfde53d7b9aecc7373.jpg,/content/drive/MyDrive/capstone/dataset/campur indo/Dataset ocr 1.v2-campuran-indo.tensorflow/valid/X51005230617_jpg.rf.e6c0d8b1049e64dfde53d7b9aecc7373.jpg,valid
X51005433556_jpg.rf.8d36fe3acdf7ffe56ac8e704cc651971.jpg,/content/drive/MyDrive/capstone/dataset/campur indo/Dataset ocr 1.v2-campuran-indo.tensorflow/valid/X51005433556_jpg.rf.8d36fe3acdf7ffe56ac8e704cc651971.jpg,valid
X51005230605_jpg.rf.5936504f2c928be4df4475d97dbd30f6.jpg,/content/drive/MyDrive/capstone/dataset/campur indo/Dataset ocr 1.v2-campuran-indo.tensorflow/valid/X51005230605_jpg.rf.5936504f2c928be4df4475d97dbd30f6.jpg,valid
X51005441401_jpg.rf.94facdfe4801cb4b477b652a742aef06.jpg,/content/drive/MyDrive/capstone/dataset/campur indo/Dataset ocr 1.v2-campuran-indo.tensorflow/valid/X51005441401_jpg.rf.94facdfe4801cb4b477b652a742aef06.jpg,valid
X51005337872_jpg.rf.fed5c3641651228509e23f6eb77dcff6.jpg,/content/drive/MyDrive/capstone/dataset/campur indo/Dataset ocr 1.v2-campuran-indo.tensorflow/valid/X51005337872_jpg.rf.fed5c3641651228509e23f6eb77dcff6.jpg,valid
X51005361906_jpg.rf.468fe116d23f49cc549bfd208e769443.jpg,/content/drive/MyDrive/capstone/dataset/campur indo/Dataset ocr 1.v2-campuran-indo.tensorflow/valid/X51005361906_jpg.rf.468fe116d23f49cc549bfd208e769443.jpg,valid
X51005268262_jpg.rf.f00eaaecfe69ba7d13aa1716f4a32c0e.jpg,/content/drive/MyDrive/capstone/dataset/campur indo/Dataset ocr 1.v2-campuran-indo.tensorflow/valid/X51005268262_jpg.rf.f00eaaecfe69ba7d13aa1716f4a32c0e.jpg,valid
X51005337867_jpg.rf.291ca47744b6478962f5598f51fd4d6d.jpg,/content/drive/MyDrive/capstone/dataset/campur indo/Dataset ocr 1.v2-campuran-indo.tensorflow/valid/X51005337867_jpg.rf.291ca47744b6478962f5598f51fd4d6d.jpg,valid
X51005711404_jpg.rf.7e968b8ec5bacb16c289d76cf941c158.jpg,/content/drive/MyDrive/capstone/dataset/campur indo/Dataset ocr 1.v2-campuran-indo.tensorflow/valid/X51005711404_jpg.rf.7e968b8ec5bacb16c289d76cf941c158.jpg,valid
Screenshot_2026-05-13-23-58-06-19_80570b5d52bfa51b3316d695d584b313_jpg.rf.76f26c4f1d16040f36961cb8141ae612.jpg,/content/drive/MyDrive/capstone/dataset/campur indo/Dataset ocr 1.v2-campuran-indo.tensorflow/valid/Screenshot_2026-05-13-23-58-06-19_80570b5d52bfa51b3316d695d584b313_jpg.rf.76f26c4f1d16040f36961cb8141ae612.jpg,valid
X51005230616_jpg.rf.3576b7b309a0a8ccd24b2fd2ab811b63.jpg,/content/drive/MyDrive/capstone/dataset/campur indo/Dataset ocr 1.v2-campuran-indo.tensorflow/valid/X51005230616_jpg.rf.3576b7b309a0a8ccd24b2fd2ab811b63.jpg,valid
X51005663278_jpg.rf.2be3a2881c7385ad641d5a55c83b61c5.jpg,/content/drive/MyDrive/capstone/dataset/campur indo/Dataset ocr 1.v2-campuran-indo.tensorflow/valid/X51005663278_jpg.rf.2be3a2881c7385ad641d5a55c83b61c5.jpg,valid
X51005675103_jpg.rf.a05d6bbb5756bef279092fb29d3a6388.jpg,/content/drive/MyDrive/capstone/dataset/campur indo/Dataset ocr 1.v2-campuran-indo.tensorflow/valid/X51005675103_jpg.rf.a05d6bbb5756bef279092fb29d3a6388.jpg,valid
X00016469676_jpg.rf.2be3b3bc9801c4c253b8fd9df4c642c8.jpg,/content/drive/MyDrive/capstone/dataset/campur indo/Dataset ocr 1.v2-campuran-indo.tensorflow/valid/X00016469676_jpg.rf.2be3b3bc9801c4c253b8fd9df4c642c8.jpg,valid
X51005361900_jpg.rf.9c80d5649dc40e447452d7ba3cb71a28.jpg,/content/drive/MyDrive/capstone/dataset/campur indo/Dataset ocr 1.v2-campuran-indo.tensorflow/valid/X51005361900_jpg.rf.9c80d5649dc40e447452d7ba3cb71a28.jpg,valid
X51005268400_jpg.rf.bdea460e39edf5639dcd9f0dab0d7d20.jpg,/content/drive/MyDrive/capstone/dataset/campur indo/Dataset ocr 1.v2-campuran-indo.tensorflow/valid/X51005268400_jpg.rf.bdea460e39edf5639dcd9f0dab0d7d20.jpg,valid
X51005442322_jpg.rf.dd5df668813f708654ac585e6cd52c98.jpg,/content/drive/MyDrive/capstone/dataset/campur indo/Dataset ocr 1.v2-campuran-indo.tensorflow/valid/X51005442322_jpg.rf.dd5df668813f708654ac585e6cd52c98.jpg,valid
X51005447851_jpg.rf.f0826b7b3b133fa4a4f15eac7ef6813d.jpg,/content/drive/MyDrive/capstone/dataset/campur indo/Dataset ocr 1.v2-campuran-indo.tensorflow/valid/X51005447851_jpg.rf.f0826b7b3b133fa4a4f15eac7ef6813d.jpg,valid
X51005441402_jpg.rf.7a7c3bb1f4d130b2f3cf1890ebffcc08.jpg,/content/drive/MyDrive/capstone/dataset/campur indo/Dataset ocr 1.v2-campuran-indo.tensorflow/valid/X51005441402_jpg.rf.7a7c3bb1f4d130b2f3cf1890ebffcc08.jpg,valid
X51005361898_jpg.rf.92d018d81fcf6e6fd9cc994b23f94142.jpg,/content/drive/MyDrive/capstone/dataset/campur indo/Dataset ocr 1.v2-campuran-indo.tensorflow/valid/X51005361898_jpg.rf.92d018d81fcf6e6fd9cc994b23f94142.jpg,valid
X00016469672_jpg.rf.356fbb3b90061e227260651ce1d394f0.jpg,/content/drive/MyDrive/capstone/dataset/campur indo/Dataset ocr 1.v2-campuran-indo.tensorflow/valid/X00016469672_jpg.rf.356fbb3b90061e227260651ce1d394f0.jpg,valid
X51005433494_jpg.rf.16874ef0d455168bfef13d3d16d76681.jpg,/content/drive/MyDrive/capstone/dataset/campur indo/Dataset ocr 1.v2-campuran-indo.tensorflow/valid/X51005433494_jpg.rf.16874ef0d455168bfef13d3d16d76681.jpg,valid
X51005361897_jpg.rf.4892db803568aef9b191cc3588f7c613.jpg,/content/drive/MyDrive/capstone/dataset/campur indo/Dataset ocr 1.v2-campuran-indo.tensorflow/valid/X51005361897_jpg.rf.4892db803568aef9b191cc3588f7c613.jpg,valid
X51005433533_jpg.rf.f7e6f28619c09efd9730a88f7b391b01.jpg,/content/drive/MyDrive/capstone/dataset/campur indo/Dataset ocr 1.v2-campuran-indo.tensorflow/valid/X51005433533_jpg.rf.f7e6f28619c09efd9730a88f7b391b01.jpg,valid
X51005441398_jpg.rf.c4ae0b16174afc1527d711a38deba89a.jpg,/content/drive/MyDrive/capstone/dataset/campur indo/Dataset ocr 1.v2-campuran-indo.tensorflow/valid/X51005441398_jpg.rf.c4ae0b16174afc1527d711a38deba89a.jpg,valid
X51005288570_jpg.rf.120f2efbc117ed22d4af856673d07bd0.jpg,/content/drive/MyDrive/capstone/dataset/campur indo/Dataset ocr 1.v2-campuran-indo.tensorflow/valid/X51005288570_jpg.rf.120f2efbc117ed22d4af856673d07bd0.jpg,valid
WhatsApp-Image-2026-05-14-at-00-10-38_jpeg.rf.32b92706068a2f6ea6fad6738ff24edd.jpg,/content/drive/MyDrive/capstone/dataset/campur indo/Dataset ocr 1.v2-campuran-indo.tensorflow/valid/WhatsApp-Image-2026-05-14-at-00-10-38_jpeg.rf.32b92706068a2f6ea6fad6738ff24edd.jpg,valid
X51005230648_jpg.rf.298775f5cf9d541261b2c15e1a705b4d.jpg,/content/drive/MyDrive/capstone/dataset/campur indo/Dataset ocr 1.v2-campuran-indo.tensorflow/valid/X51005230648_jpg.rf.298775f5cf9d541261b2c15e1a705b4d.jpg,valid
X51005433552_jpg.rf.51aec27036a77d519e09b0553ec14350.jpg,/content/drive/MyDrive/capstone/dataset/campur indo/Dataset ocr 1.v2-campuran-indo.tensorflow/valid/X51005433552_jpg.rf.51aec27036a77d519e09b0553ec14350.jpg,valid
X51005447832_jpg.rf.c9bc11ae3f8bf682a5cbc4c4b8ecb9ad.jpg,/content/drive/MyDrive/capstone/dataset/campur indo/Dataset ocr 1.v2-campuran-indo.tensorflow/valid/X51005447832_jpg.rf.c9bc11ae3f8bf682a5cbc4c4b8ecb9ad.jpg,valid
X51005268472_jpg.rf.988702d9c61d41a63ff5559d86d8d331.jpg,/content/drive/MyDrive/capstone/dataset/campur indo/Dataset ocr 1.v2-campuran-indo.tensorflow/valid/X51005268472_jpg.rf.988702d9c61d41a63ff5559d86d8d331.jpg,valid
X51005433514_jpg.rf.e3c6b3ed0aab30d5aaaf444fedcdf7c5.jpg,/content/drive/MyDrive/capstone/dataset/campur indo/Dataset ocr 1.v2-campuran-indo.tensorflow/valid/X51005433514_jpg.rf.e3c6b3ed0aab30d5aaaf444fedcdf7c5.jpg,valid
X51005433538_jpg.rf.9dd909d40e898e7cf83691f5a0178406.jpg,/content/drive/MyDrive/capstone/dataset/campur indo/Dataset ocr 1.v2-campuran-indo.tensorflow/valid/X51005433538_jpg.rf.9dd909d40e898e7cf83691f5a0178406.jpg,valid
X51005268275_jpg.rf.dfce479aad18901b9c0c63cdbaed274d.jpg,/content/drive/MyDrive/capstone/dataset/campur indo/Dataset ocr 1.v2-campuran-indo.tensorflow/valid/X51005268275_jpg.rf.dfce479aad18901b9c0c63cdbaed274d.jpg,valid
IMG-20260328-WA0109_jpg.rf.5bf3c022e4e7073b5e1ce658c876a895.jpg,/content/drive/MyDrive/capstone/dataset/campur indo/Dataset ocr 1.v2-campuran-indo.tensorflow/valid/IMG-20260328-WA0109_jpg.rf.5bf3c022e4e7073b5e1ce658c876a895.jpg,valid
X51005268200_jpg.rf.f07c7296b63869e5d301d4d2c77ff7d6.jpg,/content/drive/MyDrive/capstone/dataset/campur indo/Dataset ocr 1.v2-campuran-indo.tensorflow/valid/X51005268200_jpg.rf.f07c7296b63869e5d301d4d2c77ff7d6.jpg,valid
X51005268408_jpg.rf.f57ac8770a0c04f0a8ab2a7d7212b3d4.jpg,/content/drive/MyDrive/capstone/dataset/campur indo/Dataset ocr 1.v2-campuran-indo.tensorflow/valid/X51005268408_jpg.rf.f57ac8770a0c04f0a8ab2a7d7212b3d4.jpg,valid
X51005365179_jpg.rf.6c84e21fa64509bd4155560f42fba1f3.jpg,/content/drive/MyDrive/capstone/dataset/campur indo/Dataset ocr 1.v2-campuran-indo.tensorflow/valid/X51005365179_jpg.rf.6c84e21fa64509bd4155560f42fba1f3.jpg,valid
X51005361946_jpg.rf.3e2395d3d6d2fac344a0e4e1fae90535.jpg,/content/drive/MyDrive/capstone/dataset/campur indo/Dataset ocr 1.v2-campuran-indo.tensorflow/valid/X51005361946_jpg.rf.3e2395d3d6d2fac344a0e4e1fae90535.jpg,valid
X51005742068_jpg.rf.cf8fbd18a798f8dd9f06f91246b9cddc.jpg,/content/drive/MyDrive/capstone/dataset/campur indo/Dataset ocr 1.v2-campuran-indo.tensorflow/valid/X51005742068_jpg.rf.cf8fbd18a798f8dd9f06f91246b9cddc.jpg,valid
X51005433548_jpg.rf.1f0dd688e4af6c885684081d61ab8921.jpg,/content/drive/MyDrive/capstone/dataset/campur indo/Dataset ocr 1.v2-campuran-indo.tensorflow/valid/X51005433548_jpg.rf.1f0dd688e4af6c885684081d61ab8921.jpg,valid
X51005301667_jpg.rf.4c934c12e1605e60182608195eae3b27.jpg,/content/drive/MyDrive/capstone/dataset/campur indo/Dataset ocr 1.v2-campuran-indo.tensorflow/valid/X51005301667_jpg.rf.4c934c12e1605e60182608195eae3b27.jpg,valid
X51005361883_jpg.rf.dcf0ab942051d663ee483921084088bd.jpg,/content/drive/MyDrive/capstone/dataset/campur indo/Dataset ocr 1.v2-campuran-indo.tensorflow/valid/X51005361883_jpg.rf.dcf0ab942051d663ee483921084088bd.jpg,valid
X51005433492_jpg.rf.c209595b35847977b7b324285d9ca806.jpg,/content/drive/MyDrive/capstone/dataset/campur indo/Dataset ocr 1.v2-campuran-indo.tensorflow/valid/X51005433492_jpg.rf.c209595b35847977b7b324285d9ca806.jpg,valid
X51005605284_jpg.rf.31228f62c1caf36a4988d4869d2af7ec.jpg,/content/drive/MyDrive/capstone/dataset/campur indo/Dataset ocr 1.v2-campuran-indo.tensorflow/test/X51005605284_jpg.rf.31228f62c1caf36a4988d4869d2af7ec.jpg,test
X51005442338_jpg.rf.bbe8a3129a3d0fb9b7d61d701786e428.jpg,/content/drive/MyDrive/capstone/dataset/campur indo/Dataset ocr 1.v2-campuran-indo.tensorflow/test/X51005442338_jpg.rf.bbe8a3129a3d0fb9b7d61d701786e428.jpg,test
X51005442327_jpg.rf.cc99c7d596850272a2ffcd856c6f6435.jpg,/content/drive/MyDrive/capstone/dataset/campur indo/Dataset ocr 1.v2-campuran-indo.tensorflow/test/X51005442327_jpg.rf.cc99c7d596850272a2ffcd856c6f6435.jpg,test
X51005444040_jpg.rf.fb5d50c0e92047641b3459ff650cc7e8.jpg,/content/drive/MyDrive/capstone/dataset/campur indo/Dataset ocr 1.v2-campuran-indo.tensorflow/test/X51005444040_jpg.rf.fb5d50c0e92047641b3459ff650cc7e8.jpg,test
X51005442378_jpg.rf.d1e632ff4429b14309aa50cb7a21ced7.jpg,/content/drive/MyDrive/capstone/dataset/campur indo/Dataset ocr 1.v2-campuran-indo.tensorflow/test/X51005442378_jpg.rf.d1e632ff4429b14309aa50cb7a21ced7.jpg,test
X51005745183_jpg.rf.e2bb294b43bd3d534fab863a00481ede.jpg,/content/drive/MyDrive/capstone/dataset/campur indo/Dataset ocr 1.v2-campuran-indo.tensorflow/test/X51005745183_jpg.rf.e2bb294b43bd3d534fab863a00481ede.jpg,test
Screenshot_2026-05-13-23-57-38-99_80570b5d52bfa51b3316d695d584b313_jpg.rf.da50b957e5fe7a1821e416ad964f4f28.jpg,/content/drive/MyDrive/capstone/dataset/campur indo/Dataset ocr 1.v2-campuran-indo.tensorflow/test/Screenshot_2026-05-13-23-57-38-99_80570b5d52bfa51b3316d695d584b313_jpg.rf.da50b957e5fe7a1821e416ad964f4f28.jpg,test
X51005442341_jpg.rf.3c9c6a5a71e8388de94d65d39a51fd14.jpg,/content/drive/MyDrive/capstone/dataset/campur indo/Dataset ocr 1.v2-campuran-indo.tensorflow/test/X51005442341_jpg.rf.3c9c6a5a71e8388de94d65d39a51fd14.jpg,test
X51005442375_jpg.rf.354d6364065f395174151eb627809f3b.jpg,/content/drive/MyDrive/capstone/dataset/campur indo/Dataset ocr 1.v2-campuran-indo.tensorflow/test/X51005442375_jpg.rf.354d6364065f395174151eb627809f3b.jpg,test
X51005447840_jpg.rf.8462914abf0fb6bf6a13e2cd8c73405f.jpg,/content/drive/MyDrive/capstone/dataset/campur indo/Dataset ocr 1.v2-campuran-indo.tensorflow/test/X51005447840_jpg.rf.8462914abf0fb6bf6a13e2cd8c73405f.jpg,test
X51005442361_jpg.rf.a97e083af0b8bd1f2a010bbccacfddca.jpg,/content/drive/MyDrive/capstone/dataset/campur indo/Dataset ocr 1.v2-campuran-indo.tensorflow/test/X51005442361_jpg.rf.a97e083af0b8bd1f2a010bbccacfddca.jpg,test
X51005442379_jpg.rf.061e17037aa8c6ebef7675c370db3293.jpg,/content/drive/MyDrive/capstone/dataset/campur indo/Dataset ocr 1.v2-campuran-indo.tensorflow/test/X51005442379_jpg.rf.061e17037aa8c6ebef7675c370db3293.jpg,test
X51005442392_jpg.rf.d2e49216c6caf65409095c7f49a39d31.jpg,/content/drive/MyDrive/capstone/dataset/campur indo/Dataset ocr 1.v2-campuran-indo.tensorflow/test/X51005442392_jpg.rf.d2e49216c6caf65409095c7f49a39d31.jpg,test
X51005442383_jpg.rf.4ad610b8f6fa82d6e5cd28aaac54aa89.jpg,/content/drive/MyDrive/capstone/dataset/campur indo/Dataset ocr 1.v2-campuran-indo.tensorflow/test/X51005442383_jpg.rf.4ad610b8f6fa82d6e5cd28aaac54aa89.jpg,test
X51005444041_jpg.rf.7b62a729b4b463f3f454dc209b304c39.jpg,/content/drive/MyDrive/capstone/dataset/campur indo/Dataset ocr 1.v2-campuran-indo.tensorflow/test/X51005444041_jpg.rf.7b62a729b4b463f3f454dc209b304c39.jpg,test
X51005442344_jpg.rf.38028090a774a379e45ac6704ab2ac43.jpg,/content/drive/MyDrive/capstone/dataset/campur indo/Dataset ocr 1.v2-campuran-indo.tensorflow/test/X51005442344_jpg.rf.38028090a774a379e45ac6704ab2ac43.jpg,test
X51005442366_jpg.rf.be19fba3674525902b88072db93c1521.jpg,/content/drive/MyDrive/capstone/dataset/campur indo/Dataset ocr 1.v2-campuran-indo.tensorflow/test/X51005442366_jpg.rf.be19fba3674525902b88072db93c1521.jpg,test
X51005442388_jpg.rf.223f47dd7804c322d97218e59a4e6db7.jpg,/content/drive/MyDrive/capstone/dataset/campur indo/Dataset ocr 1.v2-campuran-indo.tensorflow/test/X51005442388_jpg.rf.223f47dd7804c322d97218e59a4e6db7.jpg,test
X51005568884_jpg.rf.3228bce7177984ea5819e00d934f3fce.jpg,/content/drive/MyDrive/capstone/dataset/campur indo/Dataset ocr 1.v2-campuran-indo.tensorflow/test/X51005568884_jpg.rf.3228bce7177984ea5819e00d934f3fce.jpg,test
X51005442346_jpg.rf.bd8c26bba0699f54e8acd49021144d22.jpg,/content/drive/MyDrive/capstone/dataset/campur indo/Dataset ocr 1.v2-campuran-indo.tensorflow/test/X51005442346_jpg.rf.bd8c26bba0699f54e8acd49021144d22.jpg,test
X51005442334_jpg.rf.9efc4cefcb8b4b40233b5a01c4623d71.jpg,/content/drive/MyDrive/capstone/dataset/campur indo/Dataset ocr 1.v2-campuran-indo.tensorflow/test/X51005442334_jpg.rf.9efc4cefcb8b4b40233b5a01c4623d71.jpg,test
X51005582745_jpg.rf.7276192fd803bc8f05869baadeed3c6d.jpg,/content/drive/MyDrive/capstone/dataset/campur indo/Dataset ocr 1.v2-campuran-indo.tensorflow/test/X51005582745_jpg.rf.7276192fd803bc8f05869baadeed3c6d.jpg,test
X51005444037_jpg.rf.e2646e9f2097479a64e24c4a5835c12f.jpg,/content/drive/MyDrive/capstone/dataset/campur indo/Dataset ocr 1.v2-campuran-indo.tensorflow/test/X51005444037_jpg.rf.e2646e9f2097479a64e24c4a5835c12f.jpg,test
X51005441408_jpg.rf.27088fdda8415a9c93161a46f896f0cd.jpg,/content/drive/MyDrive/capstone/dataset/campur indo/Dataset ocr 1.v2-campuran-indo.tensorflow/test/X51005441408_jpg.rf.27088fdda8415a9c93161a46f896f0cd.jpg,test
X51005442397_jpg.rf.f95d9f9c073a70d6ecaad636d66d9857.jpg,/content/drive/MyDrive/capstone/dataset/campur indo/Dataset ocr 1.v2-campuran-indo.tensorflow/test/X51005442397_jpg.rf.f95d9f9c073a70d6ecaad636d66d9857.jpg,test
X51005442386_jpg.rf.524f86818ece08fce131897d7bbea191.jpg,/content/drive/MyDrive/capstone/dataset/campur indo/Dataset ocr 1.v2-campuran-indo.tensorflow/test/X51005442386_jpg.rf.524f86818ece08fce131897d7bbea191.jpg,test
X51005719903_jpg.rf.3ba4dd31d2390a30d2e9bbb0551ba5fe.jpg,/content/drive/MyDrive/capstone/dataset/campur indo/Dataset ocr 1.v2-campuran-indo.tensorflow/test/X51005719903_jpg.rf.3ba4dd31d2390a30d2e9bbb0551ba5fe.jpg,test
X51005442333_jpg.rf.9ec3f152ca71679e44cd791614859a12.jpg,/content/drive/MyDrive/capstone/dataset/campur indo/Dataset ocr 1.v2-campuran-indo.tensorflow/test/X51005442333_jpg.rf.9ec3f152ca71679e44cd791614859a12.jpg,test
X51005453804_jpg.rf.cb4afa95e07190cc41e11e682008e3c7.jpg,/content/drive/MyDrive/capstone/dataset/campur indo/Dataset ocr 1.v2-campuran-indo.tensorflow/test/X51005453804_jpg.rf.cb4afa95e07190cc41e11e682008e3c7.jpg,test
X51005442382_jpg.rf.094170d0bbd44c6f8694af1ce9f8996e.jpg,/content/drive/MyDrive/capstone/dataset/campur indo/Dataset ocr 1.v2-campuran-indo.tensorflow/test/X51005442382_jpg.rf.094170d0bbd44c6f8694af1ce9f8996e.jpg,test
X51005719899_jpg.rf.44da2aaedb75e88be95c9db4ee750713.jpg,/content/drive/MyDrive/capstone/dataset/campur indo/Dataset ocr 1.v2-campuran-indo.tensorflow/test/X51005719899_jpg.rf.44da2aaedb75e88be95c9db4ee750713.jpg,test
X51005442384_jpg.rf.98295a51779018bc0adba8a62579da8b.jpg,/content/drive/MyDrive/capstone/dataset/campur indo/Dataset ocr 1.v2-campuran-indo.tensorflow/test/X51005442384_jpg.rf.98295a51779018bc0adba8a62579da8b.jpg,test
IMG-20260416-WA0101_jpg.rf.491d65c5a2ef3d75b346aa0074a128bd.jpg,/content/drive/MyDrive/capstone/dataset/campur indo/Dataset ocr 1.v2-campuran-indo.tensorflow/test/IMG-20260416-WA0101_jpg.rf.491d65c5a2ef3d75b346aa0074a128bd.jpg,test
X51005444033_jpg.rf.3184cde007efd5c79220e2f8c56107e9.jpg,/content/drive/MyDrive/capstone/dataset/campur indo/Dataset ocr 1.v2-campuran-indo.tensorflow/test/X51005444033_jpg.rf.3184cde007efd5c79220e2f8c56107e9.jpg,test
X51005442376_jpg.rf.3d111ff11dc6aeba8b8143144861cecc.jpg,/content/drive/MyDrive/capstone/dataset/campur indo/Dataset ocr 1.v2-campuran-indo.tensorflow/test/X51005442376_jpg.rf.3d111ff11dc6aeba8b8143144861cecc.jpg,test
X51005444044_jpg.rf.a55a58184df861fb4d79a8bc631ccdad.jpg,/content/drive/MyDrive/capstone/dataset/campur indo/Dataset ocr 1.v2-campuran-indo.tensorflow/test/X51005444044_jpg.rf.a55a58184df861fb4d79a8bc631ccdad.jpg,test
IMG_20260505_180823_jpg.rf.bf1b34c9bf39f5c7ea650958db687dc3.jpg,/content/drive/MyDrive/capstone/dataset/campur indo/Dataset ocr 1.v2-campuran-indo.tensorflow/test/IMG_20260505_180823_jpg.rf.bf1b34c9bf39f5c7ea650958db687dc3.jpg,test
X51005442394_jpg.rf.27100cf74eed6a3b41591b1501f4b260.jpg,/content/drive/MyDrive/capstone/dataset/campur indo/Dataset ocr 1.v2-campuran-indo.tensorflow/test/X51005442394_jpg.rf.27100cf74eed6a3b41591b1501f4b260.jpg,test
IMG_20260505_180930_jpg.rf.cb1036c7c7dd8c37386d776d095dd1c3.jpg,/content/drive/MyDrive/capstone/dataset/campur indo/Dataset ocr 1.v2-campuran-indo.tensorflow/test/IMG_20260505_180930_jpg.rf.cb1036c7c7dd8c37386d776d095dd1c3.jpg,test
X51005676547_jpg.rf.c36ec440bfa7e53052a4d604690cb056.jpg,/content/drive/MyDrive/capstone/dataset/campur indo/Dataset ocr 1.v2-campuran-indo.tensorflow/test/X51005676547_jpg.rf.c36ec440bfa7e53052a4d604690cb056.jpg,test
